"","Region","LocalityName","LocalityCode","Treatment","Years_Since_Exclosure","Mean_Plot_Biomass_kg","Mean_Plot_Biomass_kg_m2"
"1","Trøndelag","steinkjer_1bbb","1BBB","B",1,1.220043065,0.0970879422898683
"2","Telemark","nome_cappelen1","1CAB","B",1,0.52190198,0.0415316399632237
"3","Telemark","drangedal1","1DRB","B",1,0.68910408,0.0548371603183965
"4","Telemark","fritsoe1","1FRB","B",1,0.289245695,0.0230174410636504
"5","Telemark","furesdal","1FYB","B",1,0.88544125,0.0704611758774833
"6","Trøndelag","namdalseid_1kub","1KB","B",1,1.267837645,0.100891314119869
"7","Telemark","kviteseid1","1KVB","B",1,1.307781315,0.104069930382735
"8","Telemark","notodden1","1NOB","B",1,0.959177315,0.076328905491931
"9","Trøndelag","nsb_verdal","1NSB","B",1,0.74148997,0.0590058969892806
"10","Trøndelag","sub_namdalseid","1SB","B",1,0.47091627,0.0374743260764488
"11","Trøndelag","verdal_1vb","1VBB","B",1,1.15545592666667,0.0919482611269133
"12","Trøndelag","steinkjer_2bbb","2BBB","B",1,3.52418573,0.28044578965171
"13","Telemark","nome_cappelen2","2CAB","B",1,1.44051,0.114632143536653
"14","Telemark","fritsoe2","2FRB","B",1,0.777139325,0.0618427825224245
"15","Telemark","kviteseid2","2KVB","B",1,1.61879,0.128819215163865
"16","Trøndelag","verdal_2vb","2VBB","B",1,3.568058855,0.283937102008029
"17","Telemark","kviteseid3","3KVB","B",1,1.887543625,0.150205949110172
"18","Telemark","notodden3","3NOB","B",1,1.16744948,0.0929026777760314
"19","Telemark","drangedal4","4DRB","B",1,2.895665565,0.230429744105368
"20","Telemark","notodden4","4NOB","B",1,3.15931,0.251409901629828
"21","Telemark","notodden5","5NOB","B",1,4.237718255,0.337226903857005
"22","Telemark","notodden6","6NOB","B",1,0.90170066,0.0717550586141122
"23","Trøndelag","bratsberg","BRB","B",1,2.774182355,0.220762417418283
"24","Trøndelag","selbu_kl","KLB","B",1,3.405353095,0.270989389021267
"25","Trøndelag","singsaas","LAB","B",1,2.078743005,0.165421112331725
"26","Trøndelag","sl_tydal","SEB","B",1,0.350323265,0.027877839652421
"27","Trøndelag","selbu_sl","SLB","B",1,0.52623502,0.0418764523305312
"28","Trøndelag","steinkjer_1bbb","1BBUB","UB",1,0.801828925,0.0638075184639053
"29","Telemark","nome_cappelen1","1CAUB","UB",1,1.4555784875,0.115831255671925
"30","Telemark","drangedal1","1DRUB","UB",1,0.5466352375,0.0434998500581686
"31","Telemark","fritsoe1","1FRUB","UB",1,1.7965821125,0.142967461937427
"32","Telemark","furesdal","1FYUB","UB",1,3.009599825,0.239496344438627
"33","Trøndelag","namdalseid_1kub","1KUB","UB",1,2.054533775,0.163494603020251
"34","Telemark","kviteseid1","1KVUB","UB",1,0.4385736,0.0349005781748038
"35","Telemark","notodden1","1NOUB","UB",1,1.1736628625,0.0933971230451293
"36","Trøndelag","nsb_verdal","1NSUB","UB",1,0.1622874,0.0129144209557658
"37","Trøndelag","sub_namdalseid","1SUB","UB",1,0.537168,0.0427464712353936
"38","Trøndelag","verdal_1vb","1VBUB","UB",1,1.383526525,0.110097542676251
"39","Trøndelag","steinkjer_2bbb","2BBUB","UB",1,1.83139335,0.145737652199063
"40","Telemark","nome_cappelen2","2CAUB","UB",1,1.5169230875,0.120712903832922
"41","Telemark","fritsoe2","2FRUB","UB",1,0.499813925,0.0397739283949559
"42","Telemark","kviteseid2","2KVUB","UB",1,0.452707125,0.0360252883583353
"43","Trøndelag","verdal_2vb","2VBUB","UB",1,1.1598807875,0.0923003803639726
"44","Telemark","drangedal3","3DRUB","UB",1,0.09849225,0.00783776422187136
"45","Telemark","kviteseid3","3KVUB","UB",1,4.386012625,0.349027794866105
"46","Telemark","notodden3","3NOUB","UB",1,0.7334367125,0.0583650391197221
"47","Telemark","drangedal4","4DRUB","UB",1,0.8517016,0.0677762598396381
"48","Telemark","notodden4","4NOUB","UB",1,2.213783625,0.176167303427322
"49","Telemark","notodden5","5NOUB","UB",1,14.4268496375,1.14805221652582
"50","Telemark","notodden6","6NOUB","UB",1,0.614450783333333,0.0488964397270936
"51","Trøndelag","bratsberg","BRUB","UB",1,1.8508881625,0.147289000086075
"52","Trøndelag","selbu_kl","KLUB","UB",1,0.58269785,0.0463696215782599
"53","Trøndelag","singsaas","LAUB","UB",1,2.09265458333333,0.166528160560705
"54","Trøndelag","sl_tydal","SEUB","UB",1,0.632474475,0.0503307195378507
"55","Trøndelag","selbu_sl","SLUB","UB",1,0.448397175,0.0356823134348458
"56","Trøndelag","steinkjer_1bbb","1BBB","B",2,1.468548185,0.116863351405691
"57","Telemark","nome_cappelen1","1CAB","B",2,0.751458265,0.0597991487010047
"58","Telemark","drangedal1","1DRB","B",2,1.383032605,0.110058237771505
"59","Telemark","fritsoe1","1FRB","B",2,0.50206948,0.0399534197587887
"60","Telemark","furesdal","1FYB","B",2,1.11032,0.0883564582068966
"61","Trøndelag","namdalseid_1kub","1KB","B",2,1.77288638,0.141081815458648
"62","Telemark","kviteseid1","1KVB","B",2,2.25823198,0.179704391132599
"63","Telemark","notodden1","1NOB","B",2,1.25249077,0.0996700486112371
"64","Trøndelag","nsb_verdal","1NSB","B",2,1.31094745,0.104321883400608
"65","Trøndelag","sub_namdalseid","1SB","B",2,0.6292995,0.0500780630551291
"66","Trøndelag","verdal_1vb","1VBB","B",2,1.11887426,0.0890371845886433
"67","Trøndelag","steinkjer_2bbb","2BBB","B",2,4.84042212,0.385188553524676
"68","Telemark","nome_cappelen2","2CAB","B",2,1.85031875,0.147243687679058
"69","Telemark","fritsoe2","2FRB","B",2,0.96453094,0.0767549334330362
"70","Telemark","kviteseid2","2KVB","B",2,1.688073195,0.134332596642589
"71","Trøndelag","verdal_2vb","2VBB","B",2,4.65807007,0.370677438454455
"72","Telemark","drangedal3","3DRB","B",2,0.07059,0.00561737371642845
"73","Telemark","kviteseid3","3KVB","B",2,2.410203975,0.191797938240492
"74","Telemark","notodden3","3NOB","B",2,1.720867675,0.136942298441654
"75","Telemark","drangedal4","4DRB","B",2,4.06206678,0.323249003603189
"76","Telemark","notodden4","4NOB","B",2,1.04556113,0.0832031110721239
"77","Telemark","notodden5","5NOB","B",2,4.41242744,0.351129819055159
"78","Telemark","notodden6","6NOB","B",2,1.16068099,0.0923640584556474
"79","Trøndelag","bratsberg","BRB","B",2,3.21875967,0.256140756052669
"80","Hedmark","nes_1","DDB","B",2,3.673127605,0.292298207471522
"81","Hedmark","fet_3","FKB","B",2,1.62035127,0.128943457082865
"82","Hedmark","kongsvinger_1","IAAB","B",2,6.13158455,0.487935995059197
"83","Hedmark","kongsvinger_2","JCDB","B",2,0.79175625,0.0630059604557012
"84","Trøndelag","selbu_kl","KLB","B",2,2.423802645,0.19288008601548
"85","Trøndelag","singsaas","LAB","B",2,1.83686837,0.146173340447326
"86","Hedmark","nes_2","OLB","B",2,7.709929375,0.613536685460329
"87","Trøndelag","sl_tydal","SEB","B",2,0.45986415,0.0365948263116264
"88","Hedmark","sorum_1","SKB","B",2,0.7494204,0.0596369805569527
"89","Trøndelag","selbu_sl","SLB","B",2,0.87889325,0.0699401025938005
"90","Hedmark","eidskog","STSKNB","B",2,3.41650125,0.27187653100857
"91","Trøndelag","steinkjer_1bbb","1BBUB","UB",2,1.37450995,0.109380026435747
"92","Telemark","nome_cappelen1","1CAUB","UB",2,0.2709872375,0.0215644791814712
"93","Telemark","drangedal1","1DRUB","UB",2,0.7570141625,0.0602412729762232
"94","Telemark","fritsoe1","1FRUB","UB",2,3.09400585,0.246213162491371
"95","Telemark","furesdal","1FYUB","UB",2,1.0647801375,0.0847325110945965
"96","Trøndelag","namdalseid_1kub","1KUB","UB",2,2.6157018,0.208150935562184
"97","Telemark","kviteseid1","1KVUB","UB",2,0.608125475,0.0483930876831784
"98","Telemark","notodden1","1NOUB","UB",2,1.6293730875,0.129661390508264
"99","Trøndelag","nsb_verdal","1NSUB","UB",2,0.6786623,0.0540062298675574
"100","Trøndelag","sub_namdalseid","1SUB","UB",2,0.783369625,0.0623385740433972
"101","Trøndelag","verdal_1vb","1VBUB","UB",2,0.5301790375,0.0421903072709142
"102","Trøndelag","steinkjer_2bbb","2BBUB","UB",2,2.038328575,0.162205034178355
"103","Telemark","nome_cappelen2","2CAUB","UB",2,2.3709624125,0.18867519391723
"104","Telemark","fritsoe2","2FRUB","UB",2,1.1194509,0.0890830721418355
"105","Telemark","kviteseid2","2KVUB","UB",2,0.6782870375,0.0539763674266414
"106","Trøndelag","verdal_2vb","2VBUB","UB",2,1.9108170625,0.152057990420605
"107","Telemark","drangedal3","3DRUB","UB",2,0.180459975,0.0143605485257449
"108","Telemark","kviteseid3","3KVUB","UB",2,5.0462408375,0.401567086660155
"109","Telemark","notodden3","3NOUB","UB",2,0.9333585125,0.0742743104706368
"110","Telemark","drangedal4","4DRUB","UB",2,1.985301925,0.157985307446803
"111","Telemark","notodden4","4NOUB","UB",2,1.9045772375,0.151561440924216
"112","Telemark","notodden5","5NOUB","UB",2,14.7263256,1.17188375641036
"113","Telemark","notodden6","6NOUB","UB",2,0.95087165,0.0756679616717233
"114","Trøndelag","bratsberg","BRUB","UB",2,2.612115725,0.20786556478091
"115","Hedmark","nes_1","DDUB","UB",2,12.1842444875,0.969591369012901
"116","Hedmark","fet_3","FKUB","UB",2,0.7629945125,0.060717174108183
"117","Hedmark","kongsvinger_1","IAAUB","UB",2,16.62803665,1.32321711338035
"118","Hedmark","kongsvinger_2","JCDUB","UB",2,1.80758115,0.143842737531116
"119","Trøndelag","selbu_kl","KLUB","UB",2,1.1748162875,0.0934889096902471
"120","Trøndelag","singsaas","LAUB","UB",2,1.7445785625,0.138829150917014
"121","Hedmark","nes_2","OLUB","UB",2,3.602150325,0.286650014991914
"122","Trøndelag","sl_tydal","SEUB","UB",2,1.363684175,0.108518538633722
"123","Hedmark","sorum_1","SKUB","UB",2,1.3459791875,0.107109620494719
"124","Trøndelag","selbu_sl","SLUB","UB",2,0.770326425,0.0613006291665291
"125","Hedmark","eidskog","STSKNUB","UB",2,3.44049088333333,0.273785565372551
"126","Trøndelag","steinkjer_1bbb","1BBB","B",3,1.60448157,0.127680586482672
"127","Telemark","nome_cappelen1","1CAB","B",3,1.04609672,0.0832457319701092
"128","Telemark","drangedal1","1DRB","B",3,2.077383525,0.165312928350708
"129","Telemark","fritsoe1","1FRB","B",3,0.855267275,0.0680600072404927
"130","Telemark","furesdal","1FYB","B",3,1.097395,0.0873279193871652
"131","Trøndelag","namdalseid_1kub","1KB","B",3,1.64512051,0.13091453057418
"132","Telemark","kviteseid1","1KVB","B",3,2.38075927,0.189454803066176
"133","Telemark","notodden1","1NOB","B",3,1.24854655,0.0993561775564161
"134","Trøndelag","nsb_verdal","1NSB","B",3,1.92471384,0.153163860836692
"135","Trøndelag","sub_namdalseid","1SB","B",3,0.623559795,0.0496213118438095
"136","Trøndelag","verdal_1vb","1VBB","B",3,0.980188473333333,0.0780009203463492
"137","Trøndelag","steinkjer_2bbb","2BBB","B",3,5.59616404,0.445328584659556
"138","Telemark","nome_cappelen2","2CAB","B",3,2.23985125,0.17824169911403
"139","Telemark","fritsoe2","2FRB","B",3,1.142189065,0.0908925178201301
"140","Telemark","kviteseid2","2KVB","B",3,2.32427507,0.184959933247881
"141","Trøndelag","verdal_2vb","2VBB","B",3,5.7801504,0.459969753987298
"142","Telemark","drangedal3","3DRB","B",3,0.07059,0.00561737371642845
"143","Telemark","kviteseid3","3KVB","B",3,2.06976423,0.164706604119645
"144","Telemark","notodden3","3NOB","B",3,2.12794698,0.169336640252235
"145","Telemark","drangedal4","4DRB","B",3,4.022189695,0.320075686006266
"146","Telemark","notodden4","4NOB","B",3,0.84327073,0.0671053525221055
"147","Telemark","notodden5","5NOB","B",3,4.02081652,0.319966412211776
"148","Telemark","notodden6","6NOB","B",3,1.90056566,0.151242209729855
"149","Trøndelag","bratsberg","BRB","B",3,2.814147735,0.223942761308056
"150","Hedmark","nes_1","DDB","B",3,4.655460575,0.370469781440344
"151","Hedmark","didrik_holmsen","DHB","B",3,2.24866033,0.178942703427076
"152","Hedmark","fet_3","FKB","B",3,1.892475975,0.150598453051952
"153","Hedmark","halvard_pramhus","HPB","B",3,4.64682375,0.369782484744659
"154","Hedmark","kongsvinger_1","IAAB","B",3,7.977838925,0.634856250052341
"155","Hedmark","kongsvinger_2","JCDB","B",3,0.639317865,0.0508752992108535
"156","Trøndelag","selbu_kl","KLB","B",3,3.80940674,0.303142956459291
"157","Trøndelag","singsaas","LAB","B",3,1.433263005,0.114055445998247
"158","Hedmark","nes_2","OLB","B",3,8.988067205,0.715247662258953
"159","Hedmark","stig_dahlen","SDB","B",3,2.502035625,0.199105668755385
"160","Trøndelag","sl_tydal","SEB","B",3,0.57712132,0.0459258554208598
"161","Hedmark","sorum_1","SKB","B",3,0.86001205,0.0684375844380471
"162","Trøndelag","selbu_sl","SLB","B",3,1.399044325,0.111332409964207
"163","Hedmark","stangeskovene_aurskog","SSAB","B",3,1.293115,0.102902822118138
"164","Hedmark","stangeskovene_eidskog","SSBB","B",3,2.70297666666667,0.215096048781027
"165","Hedmark","eidskog","STSKNB","B",3,4.691951875,0.373373666827768
"166","Hedmark","truls_holm","THB","B",3,1.984642865,0.157932861118406
"167","Trøndelag","steinkjer_1bbb","1BBUB","UB",3,1.440699675,0.114647237393569
"168","Telemark","nome_cappelen1","1CAUB","UB",3,1.813429425,0.144308128468522
"169","Telemark","drangedal1","1DRUB","UB",3,1.26600775,0.100745695702574
"170","Telemark","fritsoe1","1FRUB","UB",3,5.358765025,0.426436971298357
"171","Telemark","furesdal","1FYUB","UB",3,3.7566381875,0.298943768474202
"172","Trøndelag","namdalseid_1kub","1KUB","UB",3,3.761228225,0.299309032052753
"173","Telemark","kviteseid1","1KVUB","UB",3,0.8599627125,0.0684336582845447
"174","Telemark","notodden1","1NOUB","UB",3,1.8686940125,0.148705944607802
"175","Trøndelag","nsb_verdal","1NSUB","UB",3,0.6411179,0.0510185414448477
"176","Trøndelag","sub_namdalseid","1SUB","UB",3,1.466297,0.116684207795408
"177","Trøndelag","verdal_1vb","1VBUB","UB",3,0.6723074125,0.0535005239883485
"178","Trøndelag","steinkjer_2bbb","2BBUB","UB",3,1.691642725,0.134616650814597
"179","Telemark","nome_cappelen2","2CAUB","UB",3,3.0997892125,0.246673387856154
"180","Telemark","fritsoe2","2FRUB","UB",3,2.0718857,0.164875425338206
"181","Telemark","kviteseid2","2KVUB","UB",3,0.7326338875,0.0583011523361283
"182","Trøndelag","verdal_2vb","2VBUB","UB",3,2.428564,0.193258982607513
"183","Telemark","drangedal3","3DRUB","UB",3,0.2956109375,0.0235239709675772
"184","Telemark","kviteseid3","3KVUB","UB",3,5.4563467625,0.434202279237667
"185","Telemark","notodden3","3NOUB","UB",3,1.2152440125,0.096706045826102
"186","Telemark","drangedal4","4DRUB","UB",3,3.404431575,0.270916056789688
"187","Telemark","notodden4","4NOUB","UB",3,2.6287096125,0.209186064391278
"188","Telemark","notodden5","5NOUB","UB",3,10.3618586125,0.824570508899352
"189","Telemark","notodden6","6NOUB","UB",3,0.9093338,0.0723624845952685
"190","Trøndelag","bratsberg","BRUB","UB",3,4.2618449625,0.339146846236584
"191","Hedmark","nes_1","DDUB","UB",3,14.3719527375,1.14368366002811
"192","Hedmark","didrik_holmsen","DHUB","UB",3,1.23901875,0.0985979793230207
"193","Hedmark","fet_3","FKUB","UB",3,1.403489725,0.111686163656217
"194","Hedmark","halvard_pramhus","HPUB","UB",3,1.20956925,0.0962544625747283
"195","Hedmark","kongsvinger_1","IAAUB","UB",3,18.6936166,1.48759074307735
"196","Hedmark","kongsvinger_2","JCDUB","UB",3,1.722938225,0.137107067575363
"197","Trøndelag","selbu_kl","KLUB","UB",3,2.470189025,0.19657139685005
"198","Trøndelag","singsaas","LAUB","UB",3,1.89202885,0.150562871974987
"199","Hedmark","nes_2","OLUB","UB",3,4.7475181,0.377795486516622
"200","Hedmark","stig_dahlen","SDUB","UB",3,11.0014934125,0.875471028996149
"201","Trøndelag","sl_tydal","SEUB","UB",3,2.3582068875,0.187660141489489
"202","Hedmark","sorum_1","SKUB","UB",3,2.8150019375,0.224010736583194
"203","Trøndelag","selbu_sl","SLUB","UB",3,1.548529775,0.123228084108115
"204","Hedmark","stangeskovene_aurskog","SSAUB","UB",3,2.44758296666667,0.194772463886263
"205","Hedmark","stangeskovene_eidskog","SSBUB","UB",3,0.5645521,0.044925628673955
"206","Hedmark","eidskog","STSKNUB","UB",3,4.10152013333333,0.326388601705465
"207","Hedmark","truls_holm","THUB","UB",3,4.50442275,0.358450573219044
"208","Trøndelag","steinkjer_1bbb","1BBB","B",4,1.889088305,0.15032887083892
"209","Telemark","nome_cappelen1","1CAB","B",4,1.4351633,0.114206666669538
"210","Telemark","drangedal1","1DRB","B",4,2.829193525,0.225140067233667
"211","Telemark","fritsoe1","1FRB","B",4,1.319540105,0.105005665159374
"212","Telemark","furesdal","1FYB","B",4,1.34305625,0.106877020518982
"213","Trøndelag","namdalseid_1kub","1KB","B",4,1.92433891,0.153134024855285
"214","Telemark","kviteseid1","1KVB","B",4,2.917788035,0.232190194332319
"215","Telemark","notodden1","1NOB","B",4,1.819616325,0.144800466327229
"216","Trøndelag","nsb_verdal","1NSB","B",4,2.711159205,0.215747194492422
"217","Trøndelag","sub_namdalseid","1SB","B",4,0.85452148,0.0680006587601011
"218","Trøndelag","verdal_1vb","1VBB","B",4,1.19010759333333,0.0947057531450996
"219","Trøndelag","steinkjer_2bbb","2BBB","B",4,6.18550144,0.492226564839018
"220","Telemark","nome_cappelen2","2CAB","B",4,3.068776875,0.244205504451175
"221","Telemark","fritsoe2","2FRB","B",4,1.43078344,0.113858128485013
"222","Telemark","kviteseid2","2KVB","B",4,2.9396204,0.233927558736887
"223","Trøndelag","verdal_2vb","2VBB","B",4,6.69288422,0.532602803577372
"224","Telemark","drangedal3","3DRB","B",4,0.0519775,0.0041362380272795
"225","Telemark","kviteseid3","3KVB","B",4,2.541852235,0.202274173904716
"226","Telemark","notodden3","3NOB","B",4,2.55734356,0.203506934379113
"227","Telemark","drangedal4","4DRB","B",4,4.52367145,0.359982336095591
"228","Telemark","notodden4","4NOB","B",4,0.96590264,0.0768640898507557
"229","Telemark","notodden5","5NOB","B",4,4.445268865,0.353743256618625
"230","Telemark","notodden6","6NOB","B",4,2.235162865,0.177868609290096
"231","Trøndelag","bratsberg","BRB","B",4,2.796180635,0.222512984919042
"232","Hedmark","nes_1","DDB","B",4,6.94863337,0.552954674284397
"233","Hedmark","didrik_holmsen","DHB","B",4,2.63869441,0.209980629330226
"234","Hedmark","fet_3","FKB","B",4,3.43890877,0.273659664793785
"235","Hedmark","halvard_pramhus","HPB","B",4,5.831271875,0.464037871709497
"236","Hedmark","kongsvinger_1","IAAB","B",4,12.19121304,0.970145908801186
"237","Hedmark","kongsvinger_2","JCDB","B",4,1.31922891,0.104980901048117
"238","Trøndelag","selbu_kl","KLB","B",4,8.08458926,0.643351171798324
"239","Trøndelag","singsaas","LAB","B",4,2.27686778,0.181187380976835
"240","Hedmark","nes_2","OLB","B",4,12.40852408,0.987438971903406
"241","Hedmark","stig_dahlen","SDB","B",4,3.431578455,0.27307633686045
"242","Trøndelag","sl_tydal","SEB","B",4,1.373778265,0.109321800793479
"243","Hedmark","sorum_1","SKB","B",4,1.33593014,0.106309942703224
"244","Trøndelag","selbu_sl","SLB","B",4,2.00484443,0.159540450582377
"245","Hedmark","stangeskovene_aurskog","SSAB","B",4,1.71122416666667,0.136174892431655
"246","Hedmark","stangeskovene_eidskog","SSBB","B",4,3.68251,0.293044834742668
"247","Hedmark","eidskog","STSKNB","B",4,5.936776875,0.472433692844953
"248","Hedmark","truls_holm","THB","B",4,2.74154224,0.218164999595614
"249","Trøndelag","steinkjer_1bbb","1BBUB","UB",4,2.61956115,0.208458052876995
"250","Telemark","nome_cappelen1","1CAUB","UB",4,1.7412378625,0.138563306457821
"251","Telemark","drangedal1","1DRUB","UB",4,1.6857928125,0.134151129569082
"252","Telemark","fritsoe1","1FRUB","UB",4,7.6279831625,0.607015613066812
"253","Telemark","furesdal","1FYUB","UB",4,4.7386002875,0.377085829546151
"254","Trøndelag","namdalseid_1kub","1KUB","UB",4,4.955029425,0.394308713077271
"255","Telemark","kviteseid1","1KVUB","UB",4,0.9919467125,0.0789366112890651
"256","Telemark","notodden1","1NOUB","UB",4,3.1027804875,0.246911425957353
"257","Trøndelag","nsb_verdal","1NSUB","UB",4,0.778313,0.0619361806113412
"258","Trøndelag","sub_namdalseid","1SUB","UB",4,1.800555125,0.143283624226598
"259","Trøndelag","verdal_1vb","1VBUB","UB",4,1.346718375,0.107168443166967
"260","Trøndelag","steinkjer_2bbb","2BBUB","UB",4,2.72817435,0.217101216709509
"261","Telemark","nome_cappelen2","2CAUB","UB",4,3.649720675,0.290435543165469
"262","Telemark","fritsoe2","2FRUB","UB",4,3.360939775,0.267455089312706
"263","Telemark","kviteseid2","2KVUB","UB",4,2.4032831875,0.191247199470136
"264","Trøndelag","verdal_2vb","2VBUB","UB",4,4.721734025,0.37574365502197
"265","Telemark","drangedal3","3DRUB","UB",4,0.511806375,0.0407282572435971
"266","Telemark","kviteseid3","3KVUB","UB",4,6.2103119125,0.494200919508429
"267","Telemark","notodden3","3NOUB","UB",4,1.7976233125,0.143050318000801
"268","Telemark","drangedal4","4DRUB","UB",4,5.398501075,0.42959906568658
"269","Telemark","notodden4","4NOUB","UB",4,3.6782066625,0.292702386025209
"270","Telemark","notodden5","5NOUB","UB",4,12.30080355,0.978866844492417
"271","Telemark","notodden6","6NOUB","UB",4,1.4517130375,0.115523652934538
"272","Trøndelag","bratsberg","BRUB","UB",4,5.3464877625,0.425459977791101
"273","Hedmark","nes_1","DDUB","UB",4,18.4678458125,1.46962447465917
"274","Hedmark","didrik_holmsen","DHUB","UB",4,2.661732625,0.211813952228858
"275","Hedmark","fet_3","FKUB","UB",4,2.3601697,0.187816337145358
"276","Hedmark","halvard_pramhus","HPUB","UB",4,1.4146313875,0.112572788986786
"277","Hedmark","kongsvinger_1","IAAUB","UB",4,20.0591981666667,1.59626027134244
"278","Hedmark","kongsvinger_2","JCDUB","UB",4,3.992628275,0.317723262947359
"279","Trøndelag","selbu_kl","KLUB","UB",4,4.71711345,0.375375961346382
"280","Trøndelag","singsaas","LAUB","UB",4,1.961778225,0.156113350879397
"281","Hedmark","nes_2","OLUB","UB",4,9.111630175,0.725080490988261
"282","Hedmark","stig_dahlen","SDUB","UB",4,14.4559296875,1.15036633337725
"283","Trøndelag","sl_tydal","SEUB","UB",4,4.19092075,0.333502876734447
"284","Hedmark","sorum_1","SKUB","UB",4,4.5891190375,0.365190489627623
"285","Trøndelag","selbu_sl","SLUB","UB",4,2.408888325,0.191693242140053
"286","Hedmark","stangeskovene_aurskog","SSAUB","UB",4,2.29339565,0.182502627081475
"287","Hedmark","stangeskovene_eidskog","SSBUB","UB",4,0.9966579375,0.0793115186624491
"288","Hedmark","eidskog","STSKNUB","UB",4,3.5194683875,0.280070395463144
"289","Hedmark","truls_holm","THUB","UB",4,6.25973035,0.49813351381243
"290","Trøndelag","steinkjer_1bbb","1BBB","B",5,2.43780721,0.193994533888281
"291","Telemark","nome_cappelen1","1CAB","B",5,1.995560175,0.158801633044289
"292","Telemark","drangedal1","1DRB","B",5,4.303471025,0.342459343040748
"293","Telemark","fritsoe1","1FRB","B",5,1.83159698,0.145753856559594
"294","Telemark","furesdal","1FYB","B",5,1.587889375,0.126360221557175
"295","Trøndelag","namdalseid_1kub","1KB","B",5,2.346109795,0.186697485455282
"296","Telemark","kviteseid1","1KVB","B",5,3.28562019,0.261461347180516
"297","Telemark","notodden1","1NOB","B",5,1.7341132,0.137996343830452
"298","Trøndelag","nsb_verdal","1NSB","B",5,3.427155835,0.272724395943241
"299","Trøndelag","sub_namdalseid","1SB","B",5,1.02877594,0.0818673880925056
"300","Trøndelag","verdal_1vb","1VBB","B",5,0.77768926,0.0618865449592391
"301","Trøndelag","steinkjer_2bbb","2BBB","B",5,6.54583716,0.520901170344307
"302","Telemark","nome_cappelen2","2CAB","B",5,4.032918125,0.320929427339324
"303","Telemark","fritsoe2","2FRB","B",5,1.983595715,0.157849531569076
"304","Telemark","kviteseid2","2KVB","B",5,3.75899757,0.299131522167961
"305","Trøndelag","verdal_2vb","2VBB","B",5,7.972028595,0.634393878682094
"306","Telemark","drangedal3","3DRB","B",5,0.59326,0.0472101307693489
"307","Telemark","kviteseid3","3KVB","B",5,2.64621371,0.210578996212022
"308","Telemark","notodden3","3NOB","B",5,3.304225105,0.262941879274543
"309","Telemark","drangedal4","4DRB","B",5,4.242849245,0.337635215067733
"310","Telemark","notodden4","4NOB","B",5,1.29700672,0.103212515355703
"311","Telemark","notodden5","5NOB","B",5,6.28314354,0.499996676273455
"312","Telemark","notodden6","6NOB","B",5,2.665424115,0.212107711669295
"313","Trøndelag","bratsberg","BRB","B",5,2.92014442,0.232377709492608
"314","Hedmark","nes_1","DDB","B",5,10.813954725,0.860547174427854
"315","Hedmark","didrik_holmsen","DHB","B",5,4.56155783,0.36299723842202
"316","Hedmark","fet_3","FKB","B",5,4.97256075,0.395703811593621
"317","Hedmark","halvard_pramhus","HPB","B",5,6.48113375,0.515752236576106
"318","Hedmark","kongsvinger_1","IAAB","B",5,19.097969915,1.51976815749628
"319","Hedmark","kongsvinger_2","JCDB","B",5,2.339913355,0.186204388427495
"320","Trøndelag","selbu_kl","KLB","B",5,8.23788108,0.655549747242601
"321","Trøndelag","singsaas","LAB","B",5,2.49712535,0.19871492148629
"322","Hedmark","nes_2","OLB","B",5,23.019208785,1.83181043209857
"323","Hedmark","stig_dahlen","SDB","B",5,4.53772316,0.361100535648288
"324","Trøndelag","sl_tydal","SEB","B",5,1.89353014,0.150682340837244
"325","Hedmark","sorum_1","SKB","B",5,1.368777015,0.10892381396391
"326","Trøndelag","selbu_sl","SLB","B",5,3.47377502,0.276434232811074
"327","Hedmark","stangeskovene_aurskog","SSAB","B",5,2.45617583333333,0.195456262488928
"328","Hedmark","stangeskovene_eidskog","SSBB","B",5,3.610563125,0.287319484344535
"329","Hedmark","eidskog","STSKNB","B",5,7.78699375,0.619669273569097
"330","Hedmark","truls_holm","THB","B",5,5.57385816,0.443553539128548
"331","Trøndelag","steinkjer_1bbb","1BBUB","UB",5,3.515156075,0.279727232537878
"332","Telemark","nome_cappelen1","1CAUB","UB",5,1.919325975,0.152735108162961
"333","Telemark","drangedal1","1DRUB","UB",5,2.802289825,0.222999138812436
"334","Telemark","fritsoe1","1FRUB","UB",5,9.3452098125,0.74366816794513
"335","Telemark","furesdal","1FYUB","UB",5,4.1205504,0.327902982209643
"336","Trøndelag","namdalseid_1kub","1KUB","UB",5,7.0407671,0.560286443561894
"337","Telemark","kviteseid1","1KVUB","UB",5,1.6837473125,0.133988353851035
"338","Telemark","notodden1","1NOUB","UB",5,5.693918125,0.453107607577143
"339","Trøndelag","nsb_verdal","1NSUB","UB",5,0.7405942,0.0589346138775939
"340","Trøndelag","sub_namdalseid","1SUB","UB",5,1.827536125,0.145430703986379
"341","Trøndelag","verdal_1vb","1VBUB","UB",5,0.709537025,0.0564631624177339
"342","Trøndelag","steinkjer_2bbb","2BBUB","UB",5,2.819965425,0.224405718368494
"343","Telemark","nome_cappelen2","2CAUB","UB",5,4.9169112625,0.391275366085543
"344","Telemark","fritsoe2","2FRUB","UB",5,4.896481675,0.389649631167567
"345","Telemark","kviteseid2","2KVUB","UB",5,2.8148091125,0.223995392057243
"346","Trøndelag","verdal_2vb","2VBUB","UB",5,6.9701598375,0.554667696139364
"347","Telemark","drangedal3","3DRUB","UB",5,0.6957594375,0.0553667768404808
"348","Telemark","kviteseid3","3KVUB","UB",5,6.8760902125,0.547181873232588
"349","Telemark","notodden3","3NOUB","UB",5,2.48792505,0.197982784874825
"350","Telemark","drangedal4","4DRUB","UB",5,6.7584018,0.537816526935582
"351","Telemark","notodden4","4NOUB","UB",5,4.75984155,0.378776155508344
"352","Telemark","notodden5","5NOUB","UB",5,14.6983169,1.16965489488307
"353","Telemark","notodden6","6NOUB","UB",5,2.0234781,0.161023270926598
"354","Trøndelag","bratsberg","BRUB","UB",5,7.4910048,0.596115221322557
"355","Hedmark","nes_1","DDUB","UB",5,22.1261791125,1.76074538874551
"356","Hedmark","didrik_holmsen","DHUB","UB",5,4.3817789,0.348690885735384
"357","Hedmark","fet_3","FKUB","UB",5,3.2645715125,0.25978634664568
"358","Hedmark","halvard_pramhus","HPUB","UB",5,2.273419225,0.180912953689448
"359","Hedmark","kongsvinger_1","IAAUB","UB",5,32.6647174166667,2.59937562078121
"360","Hedmark","kongsvinger_2","JCDUB","UB",5,4.842149775,0.385326035941279
"361","Trøndelag","selbu_kl","KLUB","UB",5,5.405448575,0.430151930170146
"362","Trøndelag","singsaas","LAUB","UB",5,2.411681525,0.191915517933575
"363","Hedmark","nes_2","OLUB","UB",5,11.42428415,0.909115646879446
"364","Hedmark","stig_dahlen","SDUB","UB",5,24.7116575375,1.96649122454361
"365","Trøndelag","sl_tydal","SEUB","UB",5,4.2030899,0.33447126692231
"366","Hedmark","sorum_1","SKUB","UB",5,6.3707777125,0.506970382142026
"367","Trøndelag","selbu_sl","SLUB","UB",5,3.290888475,0.2618805839802
"368","Hedmark","stangeskovene_aurskog","SSAUB","UB",5,3.15105778333333,0.250753211092845
"369","Hedmark","stangeskovene_eidskog","SSBUB","UB",5,2.0188821375,0.160657535851528
"370","Hedmark","eidskog","STSKNUB","UB",5,3.9968199375,0.318056824850683
"371","Hedmark","truls_holm","THUB","UB",5,9.1776183625,0.730331664101411
"372","Trøndelag","steinkjer_1bbb","1BBB","B",6,4.06905367,0.323805002643359
"373","Telemark","nome_cappelen1","1CAB","B",6,2.76086146,0.219702374275454
"374","Telemark","drangedal1","1DRB","B",6,6.062321355,0.482424205129903
"375","Telemark","fritsoe1","1FRB","B",6,2.700752275,0.214919037316466
"376","Telemark","furesdal","1FYB","B",6,1.922988125,0.153026532800383
"377","Trøndelag","namdalseid_1kub","1KB","B",6,3.073153945,0.244553820614554
"378","Telemark","kviteseid1","1KVB","B",6,4.36007071,0.346963402863345
"379","Telemark","notodden1","1NOB","B",6,2.311182505,0.18391806002913
"380","Trøndelag","nsb_verdal","1NSB","B",6,4.815891565,0.383236473982157
"381","Trøndelag","sub_namdalseid","1SB","B",6,1.178599465,0.0937899653901066
"382","Trøndelag","verdal_1vb","1VBB","B",6,1.27705592666667,0.101624881666901
"383","Trøndelag","steinkjer_2bbb","2BBB","B",6,13.384366795,1.06509406778964
"384","Telemark","nome_cappelen2","2CAB","B",6,4.72383375,0.375910745828412
"385","Telemark","fritsoe2","2FRB","B",6,3.15999924,0.251464749606316
"386","Telemark","kviteseid2","2KVB","B",6,4.84301632,0.38539499340136
"387","Trøndelag","verdal_2vb","2VBB","B",6,9.920571095,0.789453964031913
"388","Telemark","drangedal3","3DRB","B",6,0.443565,0.0352977811662783
"389","Telemark","kviteseid3","3KVB","B",6,3.28828147,0.261673125113992
"390","Telemark","notodden3","3NOB","B",6,4.321086355,0.343861126462595
"391","Telemark","drangedal4","4DRB","B",6,5.325764055,0.423810837547193
"392","Telemark","notodden4","4NOB","B",6,1.57488264,0.125325178472807
"393","Telemark","notodden5","5NOB","B",6,7.270014285,0.578529354903221
"394","Telemark","notodden6","6NOB","B",6,3.69957974,0.294403201491815
"395","Trøndelag","bratsberg","BRB","B",6,2.81482907,0.223996980224631
"396","Hedmark","nes_1","DDB","B",6,15.09356061,1.20110738996931
"397","Hedmark","didrik_holmsen","DHB","B",6,6.499941285,0.517248892657418
"398","Hedmark","fet_3","FKB","B",6,8.759204135,0.69703531781811
"399","Hedmark","halvard_pramhus","HPB","B",6,9.668135625,0.769365787600801
"400","Hedmark","kongsvinger_1","IAAB","B",6,29.23954679,2.32680920269763
"401","Hedmark","kongsvinger_2","JCDB","B",6,3.56302311,0.283536370153579
"402","Trøndelag","selbu_kl","KLB","B",6,10.2314274,0.814191122797929
"403","Trøndelag","singsaas","LAB","B",6,2.725209795,0.21686530491835
"404","Hedmark","maarud_1","M1B","B",6,8.98739625,0.715194269356532
"405","Hedmark","maarud_2","M2B","B",6,2.60553257,0.207341693951215
"406","Hedmark","maarud_3","M3B","B",6,1.478914445,0.117688272165879
"407","Hedmark","nes_2","OLB","B",6,31.614843785,2.51582933173042
"408","Hedmark","stig_dahlen","SDB","B",6,7.4591808,0.593582747868079
"409","Trøndelag","sl_tydal","SEB","B",6,2.66544679,0.212109516088463
"410","Hedmark","sorum_1","SKB","B",6,2.569512275,0.204475289950776
"411","Trøndelag","selbu_sl","SLB","B",6,4.80949344,0.382727327372022
"412","Hedmark","stangeskovene_aurskog","SSAB","B",6,4.01158916666667,0.319232122764449
"413","Hedmark","stangeskovene_eidskog","SSBB","B",6,4.347424375,0.345957039499722
"414","Hedmark","eidskog","STSKNB","B",6,10.434113125,0.830320340311887
"415","Hedmark","truls_holm","THB","B",6,4.82150849,0.38368345467152
"416","Trøndelag","steinkjer_1bbb","1BBUB","UB",6,4.568356425,0.363538253422185
"417","Telemark","nome_cappelen1","1CAUB","UB",6,2.4338062875,0.19367615059188
"418","Telemark","drangedal1","1DRUB","UB",6,3.2362593,0.257533332361059
"419","Telemark","fritsoe1","1FRUB","UB",6,12.1729324125,0.968691182686463
"420","Telemark","furesdal","1FYUB","UB",6,5.369756525,0.427311647076854
"421","Trøndelag","namdalseid_1kub","1KUB","UB",6,10.680498275,0.849927047575356
"422","Telemark","kviteseid1","1KVUB","UB",6,2.3647536875,0.188181119280206
"423","Telemark","notodden1","1NOUB","UB",6,6.307435975,0.501929806828449
"424","Trøndelag","nsb_verdal","1NSUB","UB",6,0.9300987,0.0740149028341729
"425","Trøndelag","sub_namdalseid","1SUB","UB",6,3.497663625,0.278335227595734
"426","Trøndelag","verdal_1vb","1VBUB","UB",6,0.6775555,0.0539181535220503
"427","Trøndelag","steinkjer_2bbb","2BBUB","UB",6,3.917629425,0.311755044095505
"428","Telemark","nome_cappelen2","2CAUB","UB",6,6.057570675,0.482046158027379
"429","Telemark","fritsoe2","2FRUB","UB",6,6.215694275,0.494629234307122
"430","Telemark","kviteseid2","2KVUB","UB",6,3.72931225,0.296769239460329
"431","Trøndelag","verdal_2vb","2VBUB","UB",6,8.8767129125,0.706386369216015
"432","Telemark","drangedal3","3DRUB","UB",6,0.9732140875,0.0774459163561467
"433","Telemark","kviteseid3","3KVUB","UB",6,7.966395375,0.633945601277832
"434","Telemark","notodden3","3NOUB","UB",6,2.843090275,0.226245935461373
"435","Telemark","drangedal4","4DRUB","UB",6,8.292354025,0.659884566473362
"436","Telemark","notodden4","4NOUB","UB",6,6.082844875,0.484057414958726
"437","Telemark","notodden5","5NOUB","UB",6,17.6683502,1.40600263530434
"438","Telemark","notodden6","6NOUB","UB",6,2.769734275,0.220408450458648
"439","Trøndelag","bratsberg","BRUB","UB",6,9.948296975,0.7916603194587
"440","Hedmark","nes_1","DDUB","UB",6,32.467112925,2.58365075496826
"441","Hedmark","didrik_holmsen","DHUB","UB",6,7.577720375,0.603015827524711
"442","Hedmark","fet_3","FKUB","UB",6,4.6803055375,0.372446880736748
"443","Hedmark","halvard_pramhus","HPUB","UB",6,2.8005028625,0.222856936854939
"444","Hedmark","kongsvinger_1","IAAUB","UB",6,40.1168740666667,3.19239940455253
"445","Hedmark","kongsvinger_2","JCDUB","UB",6,8.1730602,0.650391465508817
"446","Trøndelag","selbu_kl","KLUB","UB",6,5.2114794875,0.414716360628821
"447","Trøndelag","singsaas","LAUB","UB",6,2.6028848875,0.207130998072408
"448","Hedmark","maarud_1","M1UB","UB",6,20.3932,1.62283929273082
"449","Hedmark","maarud_2","M2UB","UB",6,4.1328934875,0.328885213903964
"450","Hedmark","maarud_3","M3UB","UB",6,3.575740375,0.284548377947259
"451","Hedmark","nes_2","OLUB","UB",6,15.7641903625,1.25447441001675
"452","Hedmark","stig_dahlen","SDUB","UB",6,40.4859693,3.22177106998086
"453","Trøndelag","sl_tydal","SEUB","UB",6,6.4366995375,0.512216274295221
"454","Hedmark","sorum_1","SKUB","UB",6,9.0448847875,0.719769061813656
"455","Trøndelag","selbu_sl","SLUB","UB",6,4.684260975,0.372761644451856
"456","Hedmark","stangeskovene_aurskog","SSAUB","UB",6,4.28958881666667,0.341354632002107
"457","Hedmark","stangeskovene_eidskog","SSBUB","UB",6,3.2927328125,0.262027351695127
"458","Hedmark","eidskog","STSKNUB","UB",6,4.696556125,0.373740061401134
"459","Hedmark","truls_holm","THUB","UB",6,12.6994790875,1.01059243573389
"460","Trøndelag","steinkjer_1bbb","1BBB","B",7,5.380320525,0.428152303486266
"461","Telemark","nome_cappelen1","1CAB","B",7,3.393620245,0.270055718484239
"462","Telemark","drangedal1","1DRB","B",7,6.87891073,0.547406322883689
"463","Telemark","fritsoe1","1FRB","B",7,3.35893665,0.267295685690016
"464","Telemark","furesdal","1FYB","B",7,2.1263525,0.169209755565405
"465","Trøndelag","namdalseid_1kub","1KB","B",7,4.283173355,0.340844105783874
"466","Telemark","kviteseid1","1KVB","B",7,4.70942243,0.374763929421173
"467","Telemark","notodden1","1NOB","B",7,3.50599879,0.278998518951352
"468","Trøndelag","nsb_verdal","1NSB","B",7,6.125387485,0.487442848295492
"469","Trøndelag","sub_namdalseid","1SB","B",7,1.52303851,0.121199553692908
"470","Trøndelag","verdal_1vb","1VBB","B",7,0.934646615,0.0743768144106788
"471","Trøndelag","steinkjer_2bbb","2BBB","B",7,8.72744683,0.694508151783096
"472","Telemark","nome_cappelen2","2CAB","B",7,6.258068125,0.49800123814979
"473","Telemark","fritsoe2","2FRB","B",7,3.81872799,0.303884717965939
"474","Telemark","kviteseid2","2KVB","B",7,4.869261355,0.387483506927295
"475","Trøndelag","verdal_2vb","2VBB","B",7,11.86349165,0.944066669213463
"476","Telemark","drangedal3","3DRB","B",7,0.501746666666667,0.0399277310899408
"477","Telemark","kviteseid3","3KVB","B",7,3.64201465,0.2898223171803
"478","Telemark","notodden3","3NOB","B",7,6.8566829,0.545637488374336
"479","Telemark","drangedal4","4DRB","B",7,5.6835743,0.452284472137529
"480","Telemark","notodden4","4NOB","B",7,4.271380175,0.339905634337987
"481","Telemark","notodden5","5NOB","B",7,8.1684867,0.650027517942702
"482","Telemark","notodden6","6NOB","B",7,5.38249757,0.428325547222807
"483","Trøndelag","bratsberg","BRB","B",7,2.65939391,0.211627843202492
"484","Hedmark","nes_1","DDB","B",7,22.328909985,1.77687819898336
"485","Hedmark","didrik_holmsen","DHB","B",7,8.763933195,0.697411644455699
"486","Hedmark","fet_3","FKB","B",7,12.27869457,0.977107467765557
"487","Hedmark","halvard_pramhus","HPB","B",7,12.227673125,0.973047310177837
"488","Hedmark","kongsvinger_1","IAAB","B",7,53.63788396,4.26836718461174
"489","Hedmark","kongsvinger_2","JCDB","B",7,4.764430055,0.37914129713442
"490","Trøndelag","selbu_kl","KLB","B",7,8.774111045,0.698221572024473
"491","Trøndelag","singsaas","LAB","B",7,3.094440315,0.246247736117546
"492","Hedmark","maarud_1","M1B","B",7,10.36896375,0.825135917776588
"493","Hedmark","maarud_2","M2B","B",7,4.930364445,0.39234593633314
"494","Hedmark","maarud_3","M3B","B",7,2.075385695,0.165153946090729
"495","Hedmark","nes_2","OLB","B",7,46.061297535,3.66544159396089
"496","Hedmark","stig_dahlen","SDB","B",7,13.260670175,1.05525060353126
"497","Trøndelag","sl_tydal","SEB","B",7,3.244843995,0.258216480683152
"498","Hedmark","sorum_1","SKB","B",7,4.07373915,0.324177861294738
"499","Trøndelag","selbu_sl","SLB","B",7,5.434119985,0.432433528483603
"500","Hedmark","stangeskovene_aurskog","SSAB","B",7,2.848583125,0.226683042575954
"501","Hedmark","stangeskovene_eidskog","SSBB","B",7,5.049565625,0.401831664842833
"502","Hedmark","eidskog","STSKNB","B",7,13.72778125,1.09242212181087
"503","Hedmark","truls_holm","THB","B",7,9.60061507,0.763992672556521
"504","Trøndelag","steinkjer_1bbb","1BBUB","UB",7,5.562166025,0.442623108588274
"505","Telemark","nome_cappelen1","1CAUB","UB",7,3.0137659125,0.239827871148116
"506","Telemark","drangedal1","1DRUB","UB",7,4.1221512625,0.328030374799686
"507","Telemark","fritsoe1","1FRUB","UB",7,13.939517025,1.10927151942119
"508","Telemark","furesdal","1FYUB","UB",7,5.5986781375,0.445528650181826
"509","Trøndelag","namdalseid_1kub","1KUB","UB",7,10.953876275,0.871681777591644
"510","Telemark","kviteseid1","1KVUB","UB",7,2.851009175,0.226876101500798
"511","Telemark","notodden1","1NOUB","UB",7,8.2314276375,0.655036198605684
"512","Trøndelag","nsb_verdal","1NSUB","UB",7,1.5566286,0.123872568124108
"513","Trøndelag","sub_namdalseid","1SUB","UB",7,4.68403275,0.372743482883412
"514","Trøndelag","verdal_1vb","1VBUB","UB",7,0.946961925,0.0753568356417833
"515","Trøndelag","steinkjer_2bbb","2BBUB","UB",7,3.293387825,0.262079475933708
"516","Telemark","nome_cappelen2","2CAUB","UB",7,8.199295975,0.652479242147366
"517","Telemark","fritsoe2","2FRUB","UB",7,8.13222045,0.647141541465249
"518","Telemark","kviteseid2","2KVUB","UB",7,3.9589011375,0.315039342622626
"519","Trøndelag","verdal_2vb","2VBUB","UB",7,10.8270755875,0.861591299490106
"520","Telemark","drangedal3","3DRUB","UB",7,1.1298912875,0.0899138917810454
"521","Telemark","kviteseid3","3KVUB","UB",7,9.23309455,0.734746318833669
"522","Telemark","notodden3","3NOUB","UB",7,3.4299230875,0.27294460690032
"523","Telemark","drangedal4","4DRUB","UB",7,9.4084394,0.748699818645273
"524","Telemark","notodden4","4NOUB","UB",7,8.294799225,0.660079149306786
"525","Telemark","notodden5","5NOUB","UB",7,17.6291775375,1.40288537386887
"526","Telemark","notodden6","6NOUB","UB",7,3.519221825,0.280050774642816
"527","Trøndelag","bratsberg","BRUB","UB",7,12.7787267875,1.01689876732572
"528","Hedmark","nes_1","DDUB","UB",7,43.6633997125,3.47462294822081
"529","Hedmark","didrik_holmsen","DHUB","UB",7,10.20254855,0.811893016933775
"530","Hedmark","fet_3","FKUB","UB",7,6.83353915,0.543795767267244
"531","Hedmark","halvard_pramhus","HPUB","UB",7,3.7418165375,0.297764299043063
"532","Hedmark","kongsvinger_1","IAAUB","UB",7,54.46580415,4.33425097997378
"533","Hedmark","kongsvinger_2","JCDUB","UB",7,8.75351435,0.69658253911417
"534","Trøndelag","selbu_kl","KLUB","UB",7,6.1244253125,0.48736628104075
"535","Trøndelag","singsaas","LAUB","UB",7,2.6944977375,0.214421317036527
"536","Hedmark","maarud_1","M1UB","UB",7,20.292434675,1.61482064294781
"537","Hedmark","maarud_2","M2UB","UB",7,4.8531782875,0.386203657080942
"538","Hedmark","maarud_3","M3UB","UB",7,4.8709480125,0.387617726866509
"539","Hedmark","nes_2","OLUB","UB",7,24.0033422125,1.91012528192286
"540","Hedmark","stig_dahlen","SDUB","UB",7,53.1539915875,4.22986025310782
"541","Trøndelag","sl_tydal","SEUB","UB",7,8.5337802875,0.6790966580079
"542","Hedmark","sorum_1","SKUB","UB",7,10.9373404125,0.870365895464062
"543","Trøndelag","selbu_sl","SLUB","UB",7,6.414241775,0.510429142338891
"544","Hedmark","stangeskovene_aurskog","SSAUB","UB",7,5.5024036,0.43786736591332
"545","Hedmark","stangeskovene_eidskog","SSBUB","UB",7,4.645364275,0.369666343414374
"546","Hedmark","eidskog","STSKNUB","UB",7,5.242555,0.417189271340566
"547","Hedmark","truls_holm","THUB","UB",7,14.602055375,1.16199464611641
"548","Trøndelag","steinkjer_1bbb","1BBB","B",8,6.87497329,0.547092991364125
"549","Telemark","nome_cappelen1","1CAB","B",8,3.55988509333333,0.283286654721577
"550","Telemark","drangedal1","1DRB","B",8,8.797465105,0.700080029069605
"551","Telemark","fritsoe1","1FRB","B",8,4.509098195,0.358822633310496
"552","Telemark","furesdal","1FYB","B",8,2.42660375,0.193102990868915
"553","Trøndelag","namdalseid_1kub","1KB","B",8,6.07612388,0.483522575170353
"554","Telemark","kviteseid1","1KVB","B",8,5.00514387,0.398296693898299
"555","Telemark","notodden1","1NOB","B",8,4.36096471,0.347034545122907
"556","Trøndelag","nsb_verdal","1NSB","B",8,8.533296375,0.679058149474701
"557","Trøndelag","sub_namdalseid","1SB","B",8,1.902389015,0.151387307710486
"558","Trøndelag","verdal_1vb","1VBB","B",8,0.848762275,0.0675423557880863
"559","Trøndelag","steinkjer_2bbb","2BBB","B",8,8.57320717,0.68223414962819
"560","Telemark","nome_cappelen2","2CAB","B",8,6.6362525,0.528096194490474
"561","Telemark","fritsoe2","2FRB","B",8,6.644714275,0.528769561149765
"562","Telemark","kviteseid2","2KVB","B",8,6.76839507,0.538611766094658
"563","Trøndelag","verdal_2vb","2VBB","B",8,17.021887345,1.35455875585506
"564","Telemark","drangedal3","3DRB","B",8,0.55353375,0.0440488162403467
"565","Telemark","kviteseid3","3KVB","B",8,3.910944495,0.311223074268643
"566","Telemark","notodden3","3NOB","B",8,9.56274803333333,0.76097930952365
"567","Telemark","drangedal4","4DRB","B",8,6.898629005,0.548975453351437
"568","Telemark","notodden4","4NOB","B",8,5.500637345,0.437726811806315
"569","Telemark","notodden5","5NOB","B",8,10.1306021,0.806167700356068
"570","Telemark","notodden6","6NOB","B",8,6.819121615,0.542648456286019
"571","Trøndelag","bratsberg","BRB","B",8,3.12841291,0.2489511893295
"572","Hedmark","didrik_holmsen","DHB","B",8,10.00827007,0.796432826719585
"573","Hedmark","halvard_pramhus","HPB","B",8,13.545896875,1.07794822313465
"574","Trøndelag","selbu_kl","KLB","B",8,8.20811518,0.653181052182311
"575","Trøndelag","singsaas","LAB","B",8,4.07977535,0.324658206828484
"576","Hedmark","maarud_1","M1B","B",8,13.717779375,1.09162619788765
"577","Hedmark","maarud_2","M2B","B",8,6.276035695,0.499431051940214
"578","Hedmark","maarud_3","M3B","B",8,2.31891165,0.184533125845442
"579","Hedmark","stig_dahlen","SDB","B",8,16.660561095,1.32580532647689
"580","Trøndelag","sl_tydal","SEB","B",8,4.45633495,0.354623867682837
"581","Trøndelag","selbu_sl","SLB","B",8,6.583499555,0.523898248510772
"582","Hedmark","stangeskovene_aurskog","SSAB","B",8,5.225300625,0.41581621180496
"583","Hedmark","stangeskovene_eidskog","SSBB","B",8,6.24856125,0.497244705074986
"584","Hedmark","truls_holm","THB","B",8,11.50376099,0.915440212853108
"585","Trøndelag","steinkjer_1bbb","1BBUB","UB",8,6.414326875,0.51043591438172
"586","Telemark","nome_cappelen1","1CAUB","UB",8,3.4467547375,0.274284027049267
"587","Telemark","drangedal1","1DRUB","UB",8,5.90106755,0.46959203505084
"588","Telemark","fritsoe1","1FRUB","UB",8,16.955232175,1.349254505961
"589","Telemark","furesdal","1FYUB","UB",8,5.9148926375,0.470692200557992
"590","Trøndelag","namdalseid_1kub","1KUB","UB",8,14.968158125,1.19112817728743
"591","Telemark","kviteseid1","1KVUB","UB",8,3.40847085,0.271237492081067
"592","Telemark","notodden1","1NOUB","UB",8,9.171611025,0.729853615372437
"593","Trøndelag","nsb_verdal","1NSUB","UB",8,1.78770773333333,0.142261261281804
"594","Trøndelag","sub_namdalseid","1SUB","UB",8,6.215146125,0.494585613916094
"595","Trøndelag","verdal_1vb","1VBUB","UB",8,1.82655545,0.145352664349471
"596","Trøndelag","steinkjer_2bbb","2BBUB","UB",8,4.1548345,0.330631224201872
"597","Telemark","nome_cappelen2","2CAUB","UB",8,9.6856386625,0.770758635069424
"598","Telemark","fritsoe2","2FRUB","UB",8,10.930580725,0.869827976624372
"599","Telemark","kviteseid2","2KVUB","UB",8,5.572570525,0.443451072390974
"600","Trøndelag","verdal_2vb","2VBUB","UB",8,14.1833260125,1.12867322218662
"601","Telemark","drangedal3","3DRUB","UB",8,1.91590665,0.152463006925067
"602","Telemark","kviteseid3","3KVUB","UB",8,10.911798575,0.868333340617175
"603","Telemark","notodden3","3NOUB","UB",8,4.08899385,0.32539179174993
"604","Telemark","drangedal4","4DRUB","UB",8,11.866138475,0.944277296854587
"605","Telemark","notodden4","4NOUB","UB",8,10.168564275,0.809188634256953
"606","Telemark","notodden5","5NOUB","UB",8,19.3549072125,1.54021457797718
"607","Telemark","notodden6","6NOUB","UB",8,4.35362695,0.346450624735296
"608","Trøndelag","bratsberg","BRUB","UB",8,17.6795887,1.40689696671831
"609","Hedmark","didrik_holmsen","DHUB","UB",8,11.176821775,0.889423216774191
"610","Hedmark","halvard_pramhus","HPUB","UB",8,4.4178803875,0.351563750829682
"611","Trøndelag","selbu_kl","KLUB","UB",8,7.0785096125,0.563289897276436
"612","Trøndelag","singsaas","LAUB","UB",8,1.5235811125,0.121242732627912
"613","Hedmark","maarud_1","M1UB","UB",8,26.9443993,2.1441671686184
"614","Hedmark","maarud_2","M2UB","UB",8,7.7514734,0.61684265392767
"615","Hedmark","maarud_3","M3UB","UB",8,6.3713284625,0.50701420943448
"616","Hedmark","stig_dahlen","SDUB","UB",8,53.4925921375,4.25680522874089
"617","Trøndelag","sl_tydal","SEUB","UB",8,12.1158768875,0.964150848269236
"618","Trøndelag","selbu_sl","SLUB","UB",8,9.2405904,0.735342819623757
"619","Hedmark","stangeskovene_aurskog","SSAUB","UB",8,5.1507439625,0.409883181116306
"620","Hedmark","stangeskovene_eidskog","SSBUB","UB",8,6.2094971625,0.494136083763487
"621","Hedmark","truls_holm","THUB","UB",8,15.9061653875,1.26577242352892
"622","Trøndelag","steinkjer_1bbb","1BBB","B",9,6.913773115,0.550180583334051
"623","Telemark","nome_cappelen1","1CAB","B",9,5.36424304,0.426872897881148
"624","Telemark","drangedal1","1DRB","B",9,9.768550105,0.777356518025802
"625","Telemark","fritsoe1","1FRB","B",9,5.466116945,0.43497976565756
"626","Telemark","furesdal","1FYB","B",9,2.562875625,0.20394716212424
"627","Trøndelag","namdalseid_1kub","1KB","B",9,6.335415355,0.504156335144272
"628","Telemark","kviteseid1","1KVB","B",9,5.34589057,0.425412454721925
"629","Telemark","notodden1","1NOB","B",9,5.547613755,0.44146507573642
"630","Trøndelag","nsb_verdal","1NSB","B",9,11.47797523,0.913388247270417
"631","Trøndelag","sub_namdalseid","1SB","B",9,2.415429535,0.192213775092704
"632","Trøndelag","verdal_1vb","1VBB","B",9,1.254470695,0.0998276060365877
"633","Trøndelag","steinkjer_2bbb","2BBB","B",9,10.59889191,0.8434330193866
"634","Telemark","nome_cappelen2","2CAB","B",9,7.526216875,0.598917309218944
"635","Telemark","fritsoe2","2FRB","B",9,7.403615525,0.589161003777824
"636","Telemark","kviteseid2","2KVB","B",9,8.543122275,0.679840069752364
"637","Trøndelag","verdal_2vb","2VBB","B",9,18.83962863,1.49921001124005
"638","Telemark","drangedal3","3DRB","B",9,0.41621375,0.0331212378476572
"639","Telemark","kviteseid3","3KVB","B",9,4.85328083,0.386211817153818
"640","Telemark","notodden3","3NOB","B",9,9.67022915,0.769532385026919
"641","Telemark","drangedal4","4DRB","B",9,8.01750661,0.638012904126722
"642","Telemark","notodden4","4NOB","B",9,5.207349845,0.414387734120283
"643","Telemark","notodden5","5NOB","B",9,11.834265295,0.941740909780058
"644","Telemark","notodden6","6NOB","B",9,8.68438632,0.691081505273817
"645","Trøndelag","bratsberg","BRB","B",9,4.27021396,0.339812829897009
"646","Trøndelag","selbu_kl","KLB","B",9,9.572462855,0.761752390468403
"647","Trøndelag","singsaas","LAB","B",9,4.414288735,0.35127793620506
"648","Hedmark","maarud_1","M1B","B",9,20.22274,1.6092745169311
"649","Hedmark","maarud_2","M2B","B",9,10.158043525,0.808351419573185
"650","Hedmark","maarud_3","M3B","B",9,3.2061654,0.255138535890102
"651","Trøndelag","sl_tydal","SEB","B",9,5.385381895,0.428555074513424
"652","Trøndelag","selbu_sl","SLB","B",9,7.98446077,0.63538319973441
"653","Trøndelag","steinkjer_1bbb","1BBUB","UB",9,6.636977975,0.528153925956644
"654","Telemark","nome_cappelen1","1CAUB","UB",9,3.9915014125,0.317633590078829
"655","Telemark","drangedal1","1DRUB","UB",9,6.6974414125,0.53296545343387
"656","Telemark","fritsoe1","1FRUB","UB",9,19.2722973625,1.53364069498939
"657","Telemark","furesdal","1FYUB","UB",9,6.3535256375,0.505597505634605
"658","Trøndelag","namdalseid_1kub","1KUB","UB",9,16.276587675,1.29524969257244
"659","Telemark","kviteseid1","1KVUB","UB",9,4.070177725,0.323894452098138
"660","Telemark","notodden1","1NOUB","UB",9,11.936571675,0.949882192823477
"661","Trøndelag","nsb_verdal","1NSUB","UB",9,2.167913375,0.172517064913142
"662","Trøndelag","sub_namdalseid","1SUB","UB",9,7.098752075,0.56490074126005
"663","Trøndelag","verdal_1vb","1VBUB","UB",9,2.2626697875,0.180057540632657
"664","Trøndelag","steinkjer_2bbb","2BBUB","UB",9,4.7886455,0.38106830101988
"665","Telemark","nome_cappelen2","2CAUB","UB",9,11.2115003,0.892182846110634
"666","Telemark","fritsoe2","2FRUB","UB",9,11.4283749,0.909441178421173
"667","Telemark","kviteseid2","2KVUB","UB",9,6.1861647,0.492279345392796
"668","Trøndelag","verdal_2vb","2VBUB","UB",9,14.10718425,1.12261405324782
"669","Telemark","drangedal3","3DRUB","UB",9,2.1011882,0.167207244198181
"670","Telemark","kviteseid3","3KVUB","UB",9,11.569860425,0.920700238761023
"671","Telemark","notodden3","3NOUB","UB",9,4.438943525,0.353239902054756
"672","Telemark","drangedal4","4DRUB","UB",9,12.22922135,0.973170514008721
"673","Telemark","notodden4","4NOUB","UB",9,11.7632790375,0.936092002893699
"674","Telemark","notodden5","5NOUB","UB",9,20.6164419375,1.64060432166009
"675","Telemark","notodden6","6NOUB","UB",9,5.1595544125,0.410584294450487
"676","Trøndelag","bratsberg","BRUB","UB",9,19.557673525,1.55635020844062
"677","Trøndelag","selbu_kl","KLUB","UB",9,8.32576895,0.66254364171676
"678","Trøndelag","singsaas","LAUB","UB",9,2.6569965375,0.211437066360588
"679","Hedmark","maarud_1","M1UB","UB",9,34.175723125,2.71961763454187
"680","Hedmark","maarud_2","M2UB","UB",9,10.43576455,0.830451756537834
"681","Hedmark","maarud_3","M3UB","UB",9,8.0116884,0.637549905685999
"682","Trøndelag","sl_tydal","SEUB","UB",9,13.94787195,1.10993638322765
"683","Trøndelag","selbu_sl","SLUB","UB",9,11.353341975,0.903470247966976
"684","Trøndelag","steinkjer_1bbb","1BBB","B",10,7.013651465,0.558128649889232
"685","Trøndelag","namdalseid_1kub","1KB","B",10,6.32215768,0.503101322889195
"686","Trøndelag","nsb_verdal","1NSB","B",10,12.470758805,0.992391453961264
"687","Trøndelag","sub_namdalseid","1SB","B",10,2.956448615,0.235266705537219
"688","Trøndelag","verdal_1vb","1VBB","B",10,1.00147382,0.0796947544150615
"689","Trøndelag","steinkjer_2bbb","2BBB","B",10,11.11129805,0.884209004412419
"690","Trøndelag","verdal_2vb","2VBB","B",10,19.153588335,1.52419413073126
"691","Trøndelag","bratsberg","BRB","B",10,3.71510716,0.295638834315046
"692","Trøndelag","selbu_kl","KLB","B",10,7.403049365,0.589115950196534
"693","Trøndelag","singsaas","LAB","B",10,3.80354403,0.302676416821084
"694","Hedmark","maarud_1","M1B","B",10,22.93870125,1.82540384602287
"695","Hedmark","maarud_2","M2B","B",10,13.67397323,1.08814021563038
"696","Hedmark","maarud_3","M3B","B",10,5.21210842666667,0.414766410017461
"697","Trøndelag","sl_tydal","SEB","B",10,5.49816726,0.437530248687511
"698","Trøndelag","selbu_sl","SLB","B",10,11.094752835,0.882892378036535
"699","Trøndelag","steinkjer_1bbb","1BBUB","UB",10,8.41097775,0.669324342574224
"700","Trøndelag","namdalseid_1kub","1KUB","UB",10,17.576706525,1.39870986336466
"701","Trøndelag","nsb_verdal","1NSUB","UB",10,2.768636,0.220321052511086
"702","Trøndelag","sub_namdalseid","1SUB","UB",10,7.34983085,0.584880955333403
"703","Trøndelag","verdal_1vb","1VBUB","UB",10,1.6728185875,0.133118673548314
"704","Trøndelag","steinkjer_2bbb","2BBUB","UB",10,5.30221,0.421936465405639
"705","Trøndelag","verdal_2vb","2VBUB","UB",10,15.853535125,1.26158424031237
"706","Trøndelag","bratsberg","BRUB","UB",10,19.5729601,1.55756667542772
"707","Trøndelag","selbu_kl","KLUB","UB",10,8.0136072625,0.637702603911993
"708","Trøndelag","singsaas","LAUB","UB",10,2.059658475,0.163902413688682
"709","Hedmark","maarud_1","M1UB","UB",10,39.050896925,3.10757163889292
"710","Hedmark","maarud_2","M2UB","UB",10,14.20850865,1.13067719280573
"711","Hedmark","maarud_3","M3UB","UB",10,11.109795625,0.884089445229731
"712","Trøndelag","sl_tydal","SEUB","UB",10,16.3357736125,1.29995955982976
"713","Trøndelag","selbu_sl","SLUB","UB",10,10.66595945,0.848770084642607
"714","Trøndelag","steinkjer_1bbb","1BBB","B",11,7.92661367,0.630779873780145
"715","Trøndelag","namdalseid_1kub","1KB","B",11,7.21322261,0.574010017001861
"716","Trøndelag","nsb_verdal","1NSB","B",11,14.69742667,1.16958405263058
"717","Trøndelag","sub_namdalseid","1SB","B",11,3.563651115,0.283586345203597
"718","Trøndelag","verdal_1vb","1VBB","B",11,1.03613823,0.0824532605154936
"719","Trøndelag","steinkjer_2bbb","2BBB","B",11,9.781040775,0.778350493962316
"720","Trøndelag","verdal_2vb","2VBB","B",11,17.88086488,1.42291401620514
"721","Trøndelag","bratsberg","BRB","B",11,4.201912995,0.33437761179816
"722","Trøndelag","selbu_kl","KLB","B",11,7.641405995,0.608083768138146
"723","Trøndelag","singsaas","LAB","B",11,4.717716825,0.375423976403276
"724","Hedmark","maarud_1","M1B","B",11,27.23080125,2.16695831164523
"725","Hedmark","maarud_2","M2B","B",11,17.744878855,1.41209259217005
"726","Hedmark","maarud_3","M3B","B",11,8.28807509333333,0.659544059910411
"727","Trøndelag","sl_tydal","SEB","B",11,6.37225568,0.507087995058703
"728","Trøndelag","selbu_sl","SLB","B",11,10.10052648,0.803774358561291
"729","Trøndelag","steinkjer_1bbb","1BBUB","UB",11,6.31132985,0.502239671555465
"730","Trøndelag","namdalseid_1kub","1KUB","UB",11,15.540110725,1.23664271903956
"731","Trøndelag","nsb_verdal","1NSUB","UB",11,2.3876422375,0.190002532216559
"732","Trøndelag","sub_namdalseid","1SUB","UB",11,8.114437725,0.645726437172552
"733","Trøndelag","verdal_1vb","1VBUB","UB",11,1.2402475875,0.0986957671042115
"734","Trøndelag","steinkjer_2bbb","2BBUB","UB",11,5.320889725,0.423422950690313
"735","Trøndelag","verdal_2vb","2VBUB","UB",11,13.66559055,1.0874731431512
"736","Trøndelag","bratsberg","BRUB","UB",11,17.9232852,1.42628971801291
"737","Trøndelag","selbu_kl","KLUB","UB",11,9.2842662875,0.738818436318533
"738","Trøndelag","singsaas","LAUB","UB",11,2.40840565,0.191654832083975
"739","Hedmark","maarud_1","M1UB","UB",11,41.541068125,3.30573316670546
"740","Hedmark","maarud_2","M2UB","UB",11,15.2447514375,1.2131387737427
"741","Hedmark","maarud_3","M3UB","UB",11,11.639205025,0.926218506694389
"742","Trøndelag","sl_tydal","SEUB","UB",11,19.7409719375,1.57093663264576
"743","Trøndelag","selbu_sl","SLUB","UB",11,10.90419825,0.867728525970747
