"","Region","LocalityName","LocalityCode","Treatment","Years_Since_Exclosure","Mean_Plot_Decid_Biomass_kg","Mean_Plot_Decid_Biomass_kg_m2"
"1","Trøndelag","steinkjer_1bbb","1BBB","B",1,0.99169369,0.0789164763982708
"2","Telemark","nome_cappelen1","1CAB","B",1,0.06803823,0.00541431031186164
"3","Telemark","drangedal1","1DRB","B",1,0.103357106666667,0.00822489721483815
"4","Telemark","fritsoe1","1FRB","B",1,0.0369484266666667,0.0029402623717342
"5","Telemark","furesdal","1FYB","B",1,0.12046,0.00958590222242486
"6","Trøndelag","namdalseid_1kub","1KB","B",1,1.12982577,0.0899086780640534
"7","Telemark","kviteseid1","1KVB","B",1,1.54129592,0.122652432217685
"8","Trøndelag","nsb_verdal","1NSB","B",1,0.41202122,0.0327876069108766
"9","Trøndelag","sub_namdalseid","1SB","B",1,0.36681502,0.0291902118166762
"10","Trøndelag","verdal_1vb","1VBB","B",1,0.769950093333333,0.0612706816440331
"11","Trøndelag","steinkjer_2bbb","2BBB","B",1,1.12776323,0.089744546345891
"12","Telemark","nome_cappelen2","2CAB","B",1,0.766248333333333,0.0609761049429632
"13","Telemark","fritsoe2","2FRB","B",1,0.2624037,0.0208814229703014
"14","Telemark","kviteseid2","2KVB","B",1,0.840173333333333,0.0668588695269973
"15","Trøndelag","verdal_2vb","2VBB","B",1,3.82579097333333,0.304446772321177
"16","Telemark","kviteseid3","3KVB","B",1,1.0614505,0.0844675469611819
"17","Telemark","notodden3","3NOB","B",1,0.12462448,0.00991730101112853
"18","Telemark","drangedal4","4DRB","B",1,2.82321869,0.224664604971463
"19","Telemark","notodden5","5NOB","B",1,0.52576263,0.0418388607287476
"20","Telemark","notodden6","6NOB","B",1,0.15714316,0.0125050553435403
"21","Trøndelag","bratsberg","BRB","B",1,1.44174298,0.11473026096752
"22","Trøndelag","selbu_flub","FLB","B",1,0.14831941,0.0118028836289867
"23","Trøndelag","hi_tydal","HIB","B",1,2.09045422,0.166353061210156
"24","Trøndelag","selbu_kl","KLB","B",1,0.80128496,0.0637642311045958
"25","Trøndelag","singsaas","LAB","B",1,0.19624226,0.0156164628612625
"26","Trøndelag","malvik","MAB","B",1,0.61395053,0.0488566308316945
"27","Trøndelag","sl_tydal","SEB","B",1,0.17377514,0.0138285862587431
"28","Trøndelag","selbu_sl","SLB","B",1,0.28090504,0.0223537128277133
"29","Trøndelag","steinkjer_1bbb","1BBUB","UB",1,0.516318925,0.0410873545628218
"30","Telemark","nome_cappelen1","1CAUB","UB",1,0.0235246,0.0018720281871298
"31","Telemark","drangedal1","1DRUB","UB",1,0.18039355,0.0143552625921975
"32","Telemark","fritsoe1","1FRUB","UB",1,0.869488675,0.0691917102943362
"33","Telemark","furesdal","1FYUB","UB",1,0.2845048,0.0226401726266855
"34","Trøndelag","namdalseid_1kub","1KUB","UB",1,0.083012525,0.00660592684614477
"35","Telemark","kviteseid1","1KVUB","UB",1,0.0975279666666667,0.0077610289923508
"36","Trøndelag","nsb_verdal","1NSUB","UB",1,0.0671174,0.00534103298873799
"37","Trøndelag","sub_namdalseid","1SUB","UB",1,0.557607333333333,0.0443729817021451
"38","Trøndelag","verdal_1vb","1VBUB","UB",1,1.7132007,0.136332179956748
"39","Trøndelag","steinkjer_2bbb","2BBUB","UB",1,0.76073085,0.0605370375699996
"40","Telemark","nome_cappelen2","2CAUB","UB",1,0.815558775,0.0649001052116104
"41","Telemark","fritsoe2","2FRUB","UB",1,0.190511425,0.0151604175021154
"42","Telemark","kviteseid2","2KVUB","UB",1,0.102815,0.00818175773699661
"43","Trøndelag","verdal_2vb","2VBUB","UB",1,0.645782133333333,0.0513897093402147
"44","Telemark","drangedal3","3DRUB","UB",1,0.026981,0.00214707975978121
"45","Telemark","kviteseid3","3KVUB","UB",1,0.531627625,0.0423055822014772
"46","Telemark","notodden3","3NOUB","UB",1,0.18330705,0.0145871115555466
"47","Telemark","drangedal4","4DRUB","UB",1,0.4948141,0.0393760549632837
"48","Telemark","notodden5","5NOUB","UB",1,0.33233545,0.0264464148160847
"49","Telemark","notodden6","6NOUB","UB",1,0.3208102,0.0255292645621498
"50","Trøndelag","bratsberg","BRUB","UB",1,1.080173975,0.0859575137602357
"51","Trøndelag","selbu_flub","FLUB","UB",1,0.40152565,0.0319523959878431
"52","Trøndelag","hi_tydal","HIUB","UB",1,0.699942775,0.0556996762613542
"53","Trøndelag","selbu_kl","KLUB","UB",1,0.0448566333333333,0.00356957746273034
"54","Trøndelag","malvik","MAUB","UB",1,0.344656375,0.027426882874692
"55","Trøndelag","sl_tydal","SEUB","UB",1,0.5577893,0.0443874621493841
"56","Trøndelag","selbu_sl","SLUB","UB",1,0.248906233333333,0.0198073287006923
"57","Trøndelag","steinkjer_1bbb","1BBB","B",2,1.09005006,0.0867434276333086
"58","Telemark","nome_cappelen1","1CAB","B",2,0.14578514,0.011601212830172
"59","Telemark","drangedal1","1DRB","B",2,0.40698448,0.0323867958768423
"60","Telemark","fritsoe1","1FRB","B",2,0.04156698,0.00330779516820098
"61","Telemark","furesdal","1FYB","B",2,0.4404,0.0350459184688353
"62","Trøndelag","namdalseid_1kub","1KB","B",2,1.54721263,0.123123269039356
"63","Telemark","kviteseid1","1KVB","B",2,2.02636823,0.161253260164437
"64","Trøndelag","nsb_verdal","1NSB","B",2,0.51191745,0.0407370963112491
"65","Trøndelag","sub_namdalseid","1SB","B",2,0.52519825,0.0417939487953565
"66","Trøndelag","verdal_1vb","1VBB","B",2,0.64182176,0.0510745528439701
"67","Trøndelag","steinkjer_2bbb","2BBB","B",2,1.47554087,0.117419811597308
"68","Telemark","nome_cappelen2","2CAB","B",2,1.06804166666667,0.0849920553390532
"69","Telemark","fritsoe2","2FRB","B",2,0.31178344,0.0248109378250977
"70","Telemark","kviteseid2","2KVB","B",2,1.33226757,0.106018484643264
"71","Trøndelag","verdal_2vb","2VBB","B",2,4.78528342666667,0.380800755724862
"72","Telemark","drangedal3","3DRB","B",2,0.07059,0.00561737371642845
"73","Telemark","kviteseid3","3KVB","B",2,1.2800096,0.10185992752254
"74","Telemark","notodden3","3NOB","B",2,0.2000983,0.0159233167746425
"75","Telemark","drangedal4","4DRB","B",2,3.95796553,0.314964889343417
"76","Telemark","notodden5","5NOB","B",2,0.63448744,0.0504909062028612
"77","Telemark","notodden6","6NOB","B",2,0.21549474,0.0171485265406514
"78","Trøndelag","bratsberg","BRB","B",2,1.81387342,0.144343460468001
"79","Trøndelag","selbu_flub","FLB","B",2,0.35240816,0.0280437503249598
"80","Trøndelag","hi_tydal","HIB","B",2,3.07132448,0.244408236415573
"81","Trøndelag","selbu_kl","KLB","B",2,1.47090269333333,0.117050717225591
"82","Trøndelag","singsaas","LAB","B",2,0.23780924,0.0189242580294634
"83","Trøndelag","malvik","MAB","B",2,0.49290794,0.0392243675701217
"84","Trøndelag","sl_tydal","SEB","B",2,0.1742829,0.0138689925156952
"85","Trøndelag","selbu_sl","SLB","B",2,0.25837825,0.0205610878374668
"86","Trøndelag","steinkjer_1bbb","1BBUB","UB",2,0.56556495,0.0450062287160103
"87","Telemark","nome_cappelen1","1CAUB","UB",2,0.04376035,0.00348233800696571
"88","Telemark","drangedal1","1DRUB","UB",2,0.438357475,0.034883379493766
"89","Telemark","fritsoe1","1FRUB","UB",2,1.691876475,0.134635252048571
"90","Telemark","furesdal","1FYUB","UB",2,0.22413265,0.0178359095778929
"91","Trøndelag","namdalseid_1kub","1KUB","UB",2,0.5457543,0.0434297472793286
"92","Telemark","kviteseid1","1KVUB","UB",2,0.164980466666667,0.0131287283918038
"93","Trøndelag","nsb_verdal","1NSUB","UB",2,0.5834923,0.0464328419005296
"94","Trøndelag","sub_namdalseid","1SUB","UB",2,0.664407125,0.0528718390846124
"95","Trøndelag","verdal_1vb","1VBUB","UB",2,0.4631538,0.0368566083408975
"96","Trøndelag","steinkjer_2bbb","2BBUB","UB",2,0.801118575,0.0637509906069926
"97","Telemark","nome_cappelen2","2CAUB","UB",2,1.4961386,0.119058926870294
"98","Telemark","fritsoe2","2FRUB","UB",2,0.3580909,0.0284959684056128
"99","Telemark","kviteseid2","2KVUB","UB",2,0.174374475,0.0138762798226521
"100","Trøndelag","verdal_2vb","2VBUB","UB",2,1.4566905,0.115919746815002
"101","Telemark","drangedal3","3DRUB","UB",2,0.1141666,0.00908508936299759
"102","Telemark","kviteseid3","3KVUB","UB",2,0.89699165,0.0713803275048277
"103","Telemark","notodden3","3NOUB","UB",2,0.3484819,0.0277313084815278
"104","Telemark","drangedal4","4DRUB","UB",2,1.628414425,0.129585102570448
"105","Telemark","notodden5","5NOUB","UB",2,0.513662975,0.0408760007772693
"106","Telemark","notodden6","6NOUB","UB",2,0.432730566666667,0.0344356043559785
"107","Trøndelag","bratsberg","BRUB","UB",2,1.73687735,0.138216307898426
"108","Trøndelag","selbu_flub","FLUB","UB",2,1.064065525,0.0846756440387114
"109","Trøndelag","hi_tydal","HIUB","UB",2,1.025223425,0.0815846879311765
"110","Trøndelag","selbu_kl","KLUB","UB",2,0.112309133333333,0.00893727686218338
"111","Trøndelag","malvik","MAUB","UB",2,0.467517,0.0372038207647468
"112","Trøndelag","sl_tydal","SEUB","UB",2,1.17239206666667,0.0932959963258615
"113","Trøndelag","selbu_sl","SLUB","UB",2,0.582975233333333,0.0463916950425755
"114","Trøndelag","steinkjer_1bbb","1BBB","B",3,1.19247532,0.0948941708465448
"115","Telemark","nome_cappelen1","1CAB","B",3,0.19743797,0.0157116144397647
"116","Telemark","drangedal1","1DRB","B",3,0.48732915,0.0387804215676359
"117","Telemark","fritsoe1","1FRB","B",3,0.03463915,0.00275649597350081
"118","Telemark","furesdal","1FYB","B",3,0.4404,0.0350459184688353
"119","Trøndelag","namdalseid_1kub","1KB","B",3,1.31729551,0.10482704596463
"120","Telemark","kviteseid1","1KVB","B",3,2.06307052,0.164173935602583
"121","Trøndelag","nsb_verdal","1NSB","B",3,0.93659634,0.0745319685963887
"122","Trøndelag","sub_namdalseid","1SB","B",3,0.46838292,0.0372727284889079
"123","Trøndelag","verdal_1vb","1VBB","B",3,0.52602264,0.0418595516671243
"124","Trøndelag","steinkjer_2bbb","2BBB","B",3,1.10396779,0.0878509653963677
"125","Telemark","nome_cappelen2","2CAB","B",3,1.04527333333333,0.0831802089410712
"126","Telemark","fritsoe2","2FRB","B",3,0.52530219,0.041802220077749
"127","Telemark","kviteseid2","2KVB","B",3,1.20259007,0.0956990770768642
"128","Trøndelag","verdal_2vb","2VBB","B",3,5.4384972,0.432781856185716
"129","Telemark","drangedal3","3DRB","B",3,0.07059,0.00561737371642845
"130","Telemark","kviteseid3","3KVB","B",3,1.01346798,0.0806492193411791
"131","Telemark","notodden3","3NOB","B",3,0.16356323,0.0130159482812883
"132","Telemark","drangedal4","4DRB","B",3,3.75304782,0.298658056106631
"133","Telemark","notodden5","5NOB","B",3,0.70653652,0.0562243898164729
"134","Telemark","notodden6","6NOB","B",3,0.26877941,0.0213887858514116
"135","Trøndelag","bratsberg","BRB","B",3,1.43330836,0.114059055234469
"136","Hedmark","didrik_holmsen","DHB","B",3,1.58036377333333,0.12576135320468
"137","Hedmark","fet_3","FKB","B",3,0.5777207,0.045973552565755
"138","Trøndelag","selbu_flub","FLB","B",3,0.71844672,0.0571721734180794
"139","Trøndelag","hi_tydal","HIB","B",3,2.6487154,0.210778074376813
"140","Hedmark","halvard_pramhus","HPB","B",3,0.30690125,0.0244224254892908
"141","Trøndelag","selbu_kl","KLB","B",3,1.03179398666667,0.0821075566152466
"142","Trøndelag","singsaas","LAB","B",3,0.19624226,0.0156164628612625
"143","Trøndelag","malvik","MAB","B",3,0.37361155,0.0297310624893624
"144","Hedmark","stig_dahlen","SDB","B",3,0.9314575,0.0741230327025096
"145","Trøndelag","sl_tydal","SEB","B",3,0.14970757,0.011913349891888
"146","Trøndelag","selbu_sl","SLB","B",3,0.2779087,0.0221152716666213
"147","Hedmark","stangeskovene_aurskog","SSAB","B",3,0.537855,0.0428011409583457
"148","Hedmark","stangeskovene_eidskog","SSBB","B",3,0.14118,0.0112347474328569
"149","Hedmark","eidskog","STSKNB","B",3,0.407035,0.0323908161307048
"150","Hedmark","truls_holm","THB","B",3,0.54618849,0.0434642990216991
"151","Trøndelag","steinkjer_1bbb","1BBUB","UB",3,0.845887175,0.0673135625996446
"152","Telemark","nome_cappelen1","1CAUB","UB",3,0.04376035,0.00348233800696571
"153","Telemark","drangedal1","1DRUB","UB",3,0.609986,0.0485411435584264
"154","Telemark","fritsoe1","1FRUB","UB",3,3.509662275,0.279290049824699
"155","Telemark","furesdal","1FYUB","UB",3,0.160608,0.0127807785500516
"156","Trøndelag","namdalseid_1kub","1KUB","UB",3,0.929920725,0.0740007400336745
"157","Telemark","kviteseid1","1KVUB","UB",3,0.209560033333333,0.0166762575897512
"158","Trøndelag","nsb_verdal","1NSUB","UB",3,0.4507779,0.035871765510792
"159","Trøndelag","sub_namdalseid","1SUB","UB",3,1.133202,0.090177349910811
"160","Trøndelag","verdal_1vb","1VBUB","UB",3,0.6526583,0.0519368972974766
"161","Trøndelag","steinkjer_2bbb","2BBUB","UB",3,0.811320225,0.0645628121195894
"162","Telemark","nome_cappelen2","2CAUB","UB",3,1.832089525,0.145793052045316
"163","Telemark","fritsoe2","2FRUB","UB",3,0.7870907,0.06263468778333
"164","Telemark","kviteseid2","2KVUB","UB",3,0.228721325,0.0182010647321389
"165","Trøndelag","verdal_2vb","2VBUB","UB",3,1.98270966666667,0.157779022083042
"166","Telemark","drangedal3","3DRUB","UB",3,0.196170875,0.0156107822234562
"167","Telemark","kviteseid3","3KVUB","UB",3,1.069172575,0.0850820501647701
"168","Telemark","notodden3","3NOUB","UB",3,0.4429154,0.035246087640762
"169","Telemark","drangedal4","4DRUB","UB",3,2.762034075,0.21979568801225
"170","Telemark","notodden5","5NOUB","UB",3,0.628084175,0.0499813505645225
"171","Telemark","notodden6","6NOUB","UB",3,0.507220233333333,0.0403633036856123
"172","Trøndelag","bratsberg","BRUB","UB",3,3.324583275,0.264561930968446
"173","Hedmark","didrik_holmsen","DHUB","UB",3,0.192751666666667,0.0153386902696007
"174","Hedmark","fet_3","FKUB","UB",3,0.652297975,0.0519082235450418
"175","Trøndelag","selbu_flub","FLUB","UB",3,1.7615425,0.140179098170728
"176","Trøndelag","hi_tydal","HIUB","UB",3,1.313215375,0.104502359137764
"177","Hedmark","halvard_pramhus","HPUB","UB",3,0.7895905,0.0628336155467006
"178","Trøndelag","selbu_kl","KLUB","UB",3,0.180663533333333,0.0143767471832237
"179","Trøndelag","singsaas","LAUB","UB",3,0.1172074,0.00932706853847451
"180","Trøndelag","malvik","MAUB","UB",3,0.570476975,0.0453971152456808
"181","Hedmark","stig_dahlen","SDUB","UB",3,9.00862185,0.716883348936578
"182","Trøndelag","sl_tydal","SEUB","UB",3,2.2253846,0.17709047968529
"183","Trøndelag","selbu_sl","SLUB","UB",3,0.922666366666667,0.0734234565398196
"184","Hedmark","stangeskovene_aurskog","SSAUB","UB",3,1.35055763333333,0.107473961637746
"185","Hedmark","stangeskovene_eidskog","SSBUB","UB",3,0.426881225,0.0339701285359368
"186","Hedmark","eidskog","STSKNUB","UB",3,0.1172074,0.00932706853847451
"187","Hedmark","truls_holm","THUB","UB",3,2.198178375,0.17492547708948
"188","Trøndelag","steinkjer_1bbb","1BBB","B",4,1.32651393,0.105560624519878
"189","Telemark","nome_cappelen1","1CAB","B",4,0.1970608,0.0156816002048217
"190","Telemark","drangedal1","1DRB","B",4,0.69295415,0.0551435391542714
"191","Telemark","fritsoe1","1FRB","B",4,0.04156698,0.00330779516820098
"192","Telemark","furesdal","1FYB","B",4,0.4404,0.0350459184688353
"193","Trøndelag","namdalseid_1kub","1KB","B",4,1.39836766,0.111278562674423
"194","Telemark","kviteseid1","1KVB","B",4,2.29504616,0.182633970494036
"195","Trøndelag","nsb_verdal","1NSB","B",4,1.21441108,0.0966397631637836
"196","Trøndelag","sub_namdalseid","1SB","B",4,0.64826898,0.0515876063100705
"197","Trøndelag","verdal_1vb","1VBB","B",4,0.73594176,0.0585643844658747
"198","Trøndelag","steinkjer_2bbb","2BBB","B",4,1.31117894,0.104340304789496
"199","Telemark","nome_cappelen2","2CAB","B",4,1.192835,0.0949227932715105
"200","Telemark","fritsoe2","2FRB","B",4,0.59130094,0.0470542337279421
"201","Telemark","kviteseid2","2KVB","B",4,1.74392415,0.138777074424916
"202","Trøndelag","verdal_2vb","2VBB","B",4,6.30151729333333,0.50145881310653
"203","Telemark","drangedal3","3DRB","B",4,0.035295,0.00280868685821422
"204","Telemark","kviteseid3","3KVB","B",4,1.13743661,0.0905143294675942
"205","Telemark","notodden3","3NOB","B",4,0.21307356,0.0169558551580938
"206","Telemark","drangedal4","4DRB","B",4,3.77573395,0.300463360971194
"207","Telemark","notodden5","5NOB","B",4,0.79658824,0.0633904780024365
"208","Telemark","notodden6","6NOB","B",4,0.28301224,0.0225213984757549
"209","Trøndelag","bratsberg","BRB","B",4,1.42715501,0.113569387199932
"210","Hedmark","didrik_holmsen","DHB","B",4,1.55173254666667,0.123482952579288
"211","Hedmark","fet_3","FKB","B",4,0.72812004,0.0579419517651343
"212","Trøndelag","selbu_flub","FLB","B",4,1.67893554,0.13360544516183
"213","Trøndelag","hi_tydal","HIB","B",4,3.91646981,0.311662764865838
"214","Hedmark","halvard_pramhus","HPB","B",4,0.32454875,0.0258267689183979
"215","Trøndelag","selbu_kl","KLB","B",4,2.15025901333333,0.171112175449951
"216","Trøndelag","singsaas","LAB","B",4,0.20742704,0.0165065193734601
"217","Trøndelag","malvik","MAB","B",4,0.65577315,0.0521847691847215
"218","Hedmark","stig_dahlen","SDB","B",4,1.17201783,0.0932662155181684
"219","Trøndelag","sl_tydal","SEB","B",4,0.48739264,0.0387854739413043
"220","Trøndelag","selbu_sl","SLB","B",4,0.25195818,0.0200501948997188
"221","Hedmark","stangeskovene_aurskog","SSAB","B",4,0.547571666666667,0.0435743687235338
"222","Hedmark","stangeskovene_eidskog","SSBB","B",4,0.2294175,0.0182564645783924
"223","Hedmark","eidskog","STSKNB","B",4,0.41067875,0.0326807765426504
"224","Hedmark","truls_holm","THB","B",4,0.60275724,0.047965897115214
"225","Trøndelag","steinkjer_1bbb","1BBUB","UB",4,0.90650115,0.0721370694704939
"226","Telemark","nome_cappelen1","1CAUB","UB",4,0.04376035,0.00348233800696571
"227","Telemark","drangedal1","1DRUB","UB",4,0.721282625,0.0573978475675239
"228","Telemark","fritsoe1","1FRUB","UB",4,3.968008475,0.315764081513392
"229","Telemark","furesdal","1FYUB","UB",4,0.39295045,0.0312700032538423
"230","Trøndelag","namdalseid_1kub","1KUB","UB",4,1.433739425,0.114093358297241
"231","Telemark","kviteseid1","1KVUB","UB",4,0.317484033333333,0.025264576628876
"232","Trøndelag","nsb_verdal","1NSUB","UB",4,0.587973,0.0467894046772855
"233","Trøndelag","sub_namdalseid","1SUB","UB",4,1.419875125,0.112990072358486
"234","Trøndelag","verdal_1vb","1VBUB","UB",4,1.53940066666667,0.12250161274948
"235","Trøndelag","steinkjer_2bbb","2BBUB","UB",4,1.01511435,0.0807802333030082
"236","Telemark","nome_cappelen2","2CAUB","UB",4,2.0257478,0.161203887913766
"237","Telemark","fritsoe2","2FRUB","UB",4,1.647879775,0.131134105906205
"238","Telemark","kviteseid2","2KVUB","UB",4,0.400443125,0.0318662513854579
"239","Trøndelag","verdal_2vb","2VBUB","UB",4,3.58099636666667,0.284966636474559
"240","Telemark","drangedal3","3DRUB","UB",4,0.36051125,0.028688573738869
"241","Telemark","kviteseid3","3KVUB","UB",4,1.656590225,0.131827261493233
"242","Telemark","notodden3","3NOUB","UB",4,0.628326,0.0500005943865791
"243","Telemark","drangedal4","4DRUB","UB",4,4.327838575,0.344398451057517
"244","Telemark","notodden5","5NOUB","UB",4,0.80211405,0.0638302079904799
"245","Telemark","notodden6","6NOUB","UB",4,0.6192523,0.0492785322830126
"246","Trøndelag","bratsberg","BRUB","UB",4,4.052338575,0.322474857646609
"247","Hedmark","didrik_holmsen","DHUB","UB",4,0.440090166666667,0.035021262715568
"248","Hedmark","fet_3","FKUB","UB",4,1.29967545,0.103424886141342
"249","Trøndelag","selbu_flub","FLUB","UB",4,2.38493625,0.189787196573274
"250","Trøndelag","hi_tydal","HIUB","UB",4,2.3777103,0.189212173742757
"251","Hedmark","halvard_pramhus","HPUB","UB",4,0.850978433333333,0.0677187120647985
"252","Trøndelag","selbu_kl","KLUB","UB",4,0.3312516,0.0263601647735496
"253","Trøndelag","singsaas","LAUB","UB",4,0.1172074,0.00932706853847451
"254","Trøndelag","malvik","MAUB","UB",4,1.249266075,0.0994134355366302
"255","Hedmark","stig_dahlen","SDUB","UB",4,11.664081625,0.928198123623049
"256","Trøndelag","sl_tydal","SEUB","UB",4,2.59445266666667,0.206459983258975
"257","Trøndelag","selbu_sl","SLUB","UB",4,1.2132811,0.0965498422124861
"258","Hedmark","stangeskovene_aurskog","SSAUB","UB",4,1.2609024,0.100339424858217
"259","Hedmark","stangeskovene_eidskog","SSBUB","UB",4,0.778255375,0.0619315949595433
"260","Hedmark","eidskog","STSKNUB","UB",4,0.1172074,0.00932706853847451
"261","Hedmark","truls_holm","THUB","UB",4,2.998329975,0.238599518270924
"262","Trøndelag","steinkjer_1bbb","1BBB","B",5,1.39978721,0.111391526874156
"263","Telemark","nome_cappelen1","1CAB","B",5,0.312641066666667,0.0248791855867614
"264","Telemark","drangedal1","1DRB","B",5,1.06583665,0.0848165856880032
"265","Telemark","fritsoe1","1FRB","B",5,0.07168198,0.00570427072380719
"266","Telemark","furesdal","1FYB","B",5,0.675175,0.0537287193510352
"267","Trøndelag","namdalseid_1kub","1KB","B",5,1.39794542,0.111244961882838
"268","Telemark","kviteseid1","1KVB","B",5,2.49390394,0.198458569823677
"269","Trøndelag","nsb_verdal","1NSB","B",5,1.42185646,0.113147741988072
"270","Trøndelag","sub_namdalseid","1SB","B",5,0.72037219,0.057325397452217
"271","Trøndelag","verdal_1vb","1VBB","B",5,0.30063676,0.0239239132145659
"272","Trøndelag","steinkjer_2bbb","2BBB","B",5,0.93303216,0.0742483401638541
"273","Telemark","nome_cappelen2","2CAB","B",5,1.295385,0.103083462978547
"274","Telemark","fritsoe2","2FRB","B",5,0.50765759,0.0403981074233094
"275","Telemark","kviteseid2","2KVB","B",5,1.78320507,0.141902950718515
"276","Trøndelag","verdal_2vb","2VBB","B",5,6.32735562666667,0.503514962342159
"277","Telemark","drangedal3","3DRB","B",5,0.35295,0.0280868685821422
"278","Telemark","kviteseid3","3KVB","B",5,1.11374621,0.0886291073356821
"279","Telemark","notodden3","3NOB","B",5,0.18485448,0.014710252122341
"280","Telemark","drangedal4","4DRB","B",5,3.81780487,0.303811258410405
"281","Telemark","notodden5","5NOB","B",5,1.34587229,0.107101113861954
"282","Telemark","notodden6","6NOB","B",5,0.31312724,0.0249178740313611
"283","Trøndelag","bratsberg","BRB","B",5,1.50765067,0.119975028293154
"284","Hedmark","didrik_holmsen","DHB","B",5,2.92714210666667,0.232934567704212
"285","Hedmark","fet_3","FKB","B",5,0.590567,0.0469958286384757
"286","Trøndelag","selbu_flub","FLB","B",5,2.03510146,0.161948228526267
"287","Trøndelag","hi_tydal","HIB","B",5,4.51758856,0.359498275089699
"288","Hedmark","halvard_pramhus","HPB","B",5,0.3583075,0.0285132048859496
"289","Trøndelag","selbu_kl","KLB","B",5,2.56062810666667,0.203768310298021
"290","Trøndelag","singsaas","LAB","B",5,0.2228441,0.0177333700269323
"291","Trøndelag","malvik","MAB","B",5,0.51760379,0.0411896008707997
"292","Hedmark","stig_dahlen","SDB","B",5,1.79696316,0.142997784734016
"293","Trøndelag","sl_tydal","SEB","B",5,0.50868389,0.040479777782357
"294","Trøndelag","selbu_sl","SLB","B",5,0.37315502,0.0296947329862775
"295","Hedmark","stangeskovene_aurskog","SSAB","B",5,0.880563333333333,0.0700730036027382
"296","Hedmark","stangeskovene_eidskog","SSBB","B",5,0.67482,0.0537004693486364
"297","Hedmark","eidskog","STSKNB","B",5,0.4444375,0.0353672125102021
"298","Hedmark","truls_holm","THB","B",5,0.83885691,0.0667541118866466
"299","Trøndelag","steinkjer_1bbb","1BBUB","UB",5,1.397623575,0.111219350271508
"300","Telemark","nome_cappelen1","1CAUB","UB",5,0.11931095,0.00949446372874499
"301","Telemark","drangedal1","1DRUB","UB",5,1.225072825,0.0974881978731512
"302","Telemark","fritsoe1","1FRUB","UB",5,4.818337125,0.383431085463471
"303","Telemark","furesdal","1FYUB","UB",5,0.361133366666667,0.028738080210209
"304","Trøndelag","namdalseid_1kub","1KUB","UB",5,2.5915696,0.206230556103343
"305","Telemark","kviteseid1","1KVUB","UB",5,0.5826445,0.0463653761201529
"306","Trøndelag","nsb_verdal","1NSUB","UB",5,0.613700866666667,0.0488367632548901
"307","Trøndelag","sub_namdalseid","1SUB","UB",5,1.446856125,0.115137152118268
"308","Trøndelag","verdal_1vb","1VBUB","UB",5,0.524430033333333,0.0417328160554237
"309","Trøndelag","steinkjer_2bbb","2BBUB","UB",5,0.797602925,0.0634712240691521
"310","Telemark","nome_cappelen2","2CAUB","UB",5,2.713792825,0.215956771313034
"311","Telemark","fritsoe2","2FRUB","UB",5,2.255514175,0.179488115082544
"312","Telemark","kviteseid2","2KVUB","UB",5,0.45508155,0.0362142390962108
"313","Trøndelag","verdal_2vb","2VBUB","UB",5,4.5179662,0.359528326726053
"314","Telemark","drangedal3","3DRUB","UB",5,0.582695125,0.0463694047296499
"315","Telemark","kviteseid3","3KVUB","UB",5,1.917896025,0.152621316357524
"316","Telemark","notodden3","3NOUB","UB",5,0.78962885,0.0628366673427344
"317","Telemark","drangedal4","4DRUB","UB",5,5.5687768,0.443149177347734
"318","Telemark","notodden5","5NOUB","UB",5,0.9393399,0.0747502941642233
"319","Telemark","notodden6","6NOUB","UB",5,0.888409133333333,0.0706973525289934
"320","Trøndelag","bratsberg","BRUB","UB",5,5.759236425,0.458305472736823
"321","Hedmark","didrik_holmsen","DHUB","UB",5,0.671468533333333,0.0534337681053326
"322","Hedmark","fet_3","FKUB","UB",5,1.895588825,0.150846165784254
"323","Trøndelag","selbu_flub","FLUB","UB",5,3.33782725,0.265615853012164
"324","Trøndelag","hi_tydal","HIUB","UB",5,3.35949705,0.26734028090507
"325","Hedmark","halvard_pramhus","HPUB","UB",5,1.4529433,0.115621554113625
"326","Trøndelag","selbu_kl","KLUB","UB",5,0.369195433333333,0.0293796390909772
"327","Trøndelag","singsaas","LAUB","UB",5,0.2509461,0.0199696561323165
"328","Trøndelag","malvik","MAUB","UB",5,1.031007225,0.082044948111104
"329","Hedmark","stig_dahlen","SDUB","UB",5,20.72124485,1.64894427244749
"330","Trøndelag","sl_tydal","SEUB","UB",5,3.2677137,0.260036393982053
"331","Trøndelag","selbu_sl","SLUB","UB",5,1.4375813,0.114399084995736
"332","Hedmark","stangeskovene_aurskog","SSAUB","UB",5,1.62889053333333,0.129622990067797
"333","Hedmark","stangeskovene_eidskog","SSBUB","UB",5,1.555642575,0.123794102747727
"334","Hedmark","eidskog","STSKNUB","UB",5,0.18407675,0.0146483623353955
"335","Hedmark","truls_holm","THUB","UB",5,5.048505925,0.401747336596236
"336","Trøndelag","steinkjer_1bbb","1BBB","B",6,1.78980492,0.142428150094097
"337","Telemark","nome_cappelen1","1CAB","B",6,0.430878613333333,0.0342882305922907
"338","Telemark","drangedal1","1DRB","B",6,1.61504698,0.128521355096319
"339","Telemark","fritsoe1","1FRB","B",6,0.03463915,0.00275649597350081
"340","Telemark","furesdal","1FYB","B",6,0.95982,0.0763800487392315
"341","Trøndelag","namdalseid_1kub","1KB","B",6,1.80277082,0.143459943632415
"342","Telemark","kviteseid1","1KVB","B",6,3.08641321,0.245608959397812
"343","Trøndelag","nsb_verdal","1NSB","B",6,1.85239969,0.147409283622697
"344","Trøndelag","sub_namdalseid","1SB","B",6,0.77112259,0.0613639859641625
"345","Trøndelag","verdal_1vb","1VBB","B",6,0.685570093333333,0.054555934594986
"346","Trøndelag","steinkjer_2bbb","2BBB","B",6,1.02536867,0.0815962461610312
"347","Telemark","nome_cappelen2","2CAB","B",6,1.104335,0.0878801870396941
"348","Telemark","fritsoe2","2FRB","B",6,0.77103174,0.0613567563508725
"349","Telemark","kviteseid2","2KVB","B",6,2.10200257,0.167272049703684
"350","Trøndelag","verdal_2vb","2VBB","B",6,5.35683547,0.426283422190248
"351","Telemark","drangedal3","3DRB","B",6,0.2190575,0.0174320419731764
"352","Telemark","kviteseid3","3KVB","B",6,1.10757272,0.0881378366108679
"353","Telemark","notodden3","3NOB","B",6,0.20614573,0.0164045559633936
"354","Telemark","drangedal4","4DRB","B",6,4.57410218,0.363995486077207
"355","Telemark","notodden5","5NOB","B",6,1.37637616,0.109528534708921
"356","Telemark","notodden6","6NOB","B",6,0.33806224,0.0269021382843593
"357","Trøndelag","bratsberg","BRB","B",6,1.35084032,0.107496457127919
"358","Hedmark","didrik_holmsen","DHB","B",6,3.73201421333333,0.296984254870606
"359","Hedmark","fet_3","FKB","B",6,0.65644976,0.0522386120977442
"360","Trøndelag","selbu_flub","FLB","B",6,4.00575396,0.318767771771967
"361","Trøndelag","hi_tydal","HIB","B",6,6.26136356,0.498263480534734
"362","Hedmark","halvard_pramhus","HPB","B",6,0.40453375,0.0321917729800005
"363","Trøndelag","selbu_kl","KLB","B",6,3.54258486666667,0.281909946426271
"364","Trøndelag","singsaas","LAB","B",6,0.25055542,0.019938566805733
"365","Trøndelag","malvik","MAB","B",6,0.58851393,0.0468324505189688
"366","Hedmark","stig_dahlen","SDB","B",6,2.15839205,0.171759381943875
"367","Trøndelag","sl_tydal","SEB","B",6,0.69027179,0.0549300837276954
"368","Trøndelag","selbu_sl","SLB","B",6,0.39482344,0.0314190510622732
"369","Hedmark","stangeskovene_aurskog","SSAB","B",6,0.994116666666667,0.079109290755019
"370","Hedmark","stangeskovene_eidskog","SSBB","B",6,0.442973333333333,0.0352506978289469
"371","Hedmark","eidskog","STSKNB","B",6,0.4943075,0.0393357410161985
"372","Hedmark","truls_holm","THB","B",6,0.90449599,0.0719775039076488
"373","Trøndelag","steinkjer_1bbb","1BBUB","UB",6,1.879803925,0.149590043353648
"374","Telemark","nome_cappelen1","1CAUB","UB",6,0.11931095,0.00949446372874499
"375","Telemark","drangedal1","1DRUB","UB",6,1.5400798,0.122555656462989
"376","Telemark","fritsoe1","1FRUB","UB",6,6.395025725,0.508899977666791
"377","Telemark","furesdal","1FYUB","UB",6,0.361133366666667,0.028738080210209
"378","Trøndelag","namdalseid_1kub","1KUB","UB",6,3.971013275,0.316003195899893
"379","Telemark","kviteseid1","1KVUB","UB",6,0.681574833333333,0.0542380019060174
"380","Trøndelag","nsb_verdal","1NSUB","UB",6,0.803205366666667,0.0639170522114691
"381","Trøndelag","sub_namdalseid","1SUB","UB",6,2.593548625,0.206388041908969
"382","Trøndelag","verdal_1vb","1VBUB","UB",6,0.6970725,0.0554712670342126
"383","Trøndelag","steinkjer_2bbb","2BBUB","UB",6,1.133906925,0.0902334460599405
"384","Telemark","nome_cappelen2","2CAUB","UB",6,3.41988955,0.272146163355409
"385","Telemark","fritsoe2","2FRUB","UB",6,2.932329275,0.233347349444662
"386","Telemark","kviteseid2","2KVUB","UB",6,0.828255375,0.0659104685368407
"387","Trøndelag","verdal_2vb","2VBUB","UB",6,5.7593803,0.458316921945542
"388","Telemark","drangedal3","3DRUB","UB",6,0.812564775,0.0646618502618019
"389","Telemark","kviteseid3","3KVUB","UB",6,2.541705375,0.202262487157245
"390","Telemark","notodden3","3NOUB","UB",6,1.0033733,0.0798459102307136
"391","Telemark","drangedal4","4DRUB","UB",6,6.650671525,0.529243624042132
"392","Telemark","notodden5","5NOUB","UB",6,1.511414825,0.120274570230561
"393","Telemark","notodden6","6NOUB","UB",6,1.23486036666667,0.0982670656916352
"394","Trøndelag","bratsberg","BRUB","UB",6,7.22741185,0.57513916084422
"395","Hedmark","didrik_holmsen","DHUB","UB",6,0.9038605,0.071926933220256
"396","Hedmark","fet_3","FKUB","UB",6,2.47858535,0.197239555163828
"397","Trøndelag","selbu_flub","FLUB","UB",6,4.43599245,0.353005062967914
"398","Trøndelag","hi_tydal","HIUB","UB",6,4.431832525,0.352674026654593
"399","Hedmark","halvard_pramhus","HPUB","UB",6,1.39491423333333,0.111003747712121
"400","Trøndelag","selbu_kl","KLUB","UB",6,0.4654864,0.0370422307510256
"401","Trøndelag","singsaas","LAUB","UB",6,0.1422524,0.0113200863133428
"402","Trøndelag","malvik","MAUB","UB",6,2.171323075,0.172788400217872
"403","Hedmark","stig_dahlen","SDUB","UB",6,34.116721175,2.71492240854459
"404","Trøndelag","sl_tydal","SEUB","UB",6,5.1547943,0.410205496733463
"405","Trøndelag","selbu_sl","SLUB","UB",6,2.37543463333333,0.189031081943342
"406","Hedmark","stangeskovene_aurskog","SSAUB","UB",6,2.14163823333333,0.170426155574797
"407","Hedmark","stangeskovene_eidskog","SSBUB","UB",6,2.562691625,0.203932519869476
"408","Hedmark","eidskog","STSKNUB","UB",6,0.18407675,0.0146483623353955
"409","Hedmark","truls_holm","THUB","UB",6,6.1602124,0.490214126977994
"410","Trøndelag","steinkjer_1bbb","1BBB","B",7,1.75061115,0.139309208977144
"411","Telemark","nome_cappelen1","1CAB","B",7,0.504104493333333,0.0401153609744177
"412","Telemark","drangedal1","1DRB","B",7,1.67679573,0.133435164492442
"413","Telemark","fritsoe1","1FRB","B",7,0.0735779,0.00585514324366058
"414","Telemark","furesdal","1FYB","B",7,1.294335,0.102999906633424
"415","Trøndelag","namdalseid_1kub","1KB","B",7,2.15208898,0.171257799570298
"416","Telemark","kviteseid1","1KVB","B",7,3.21261993,0.255652171067519
"417","Trøndelag","nsb_verdal","1NSB","B",7,1.96285936,0.156199384869097
"418","Trøndelag","sub_namdalseid","1SB","B",7,1.01299101,0.0806112632745758
"419","Trøndelag","verdal_1vb","1VBB","B",7,0.50819724,0.0404410514058291
"420","Trøndelag","steinkjer_2bbb","2BBB","B",7,1.15144933,0.0916294262946755
"421","Telemark","nome_cappelen2","2CAB","B",7,1.29895666666667,0.103367687181086
"422","Telemark","fritsoe2","2FRB","B",7,0.90088674,0.0716902889184716
"423","Telemark","kviteseid2","2KVB","B",7,1.97108698,0.156854118065538
"424","Trøndelag","verdal_2vb","2VBB","B",7,6.25865165,0.498047673593873
"425","Telemark","drangedal3","3DRB","B",7,0.272,0.0216450722604978
"426","Telemark","kviteseid3","3KVB","B",7,1.28833465,0.102522413952033
"427","Telemark","notodden3","3NOB","B",7,0.23297665,0.0185396927362452
"428","Telemark","drangedal4","4DRB","B",7,4.86181805,0.38689118753545
"429","Telemark","notodden5","5NOB","B",7,1.6295442,0.129675007208364
"430","Telemark","notodden6","6NOB","B",7,0.40947007,0.0325845928443422
"431","Trøndelag","bratsberg","BRB","B",7,1.19540516,0.095127320105779
"432","Hedmark","didrik_holmsen","DHB","B",7,5.05301676,0.402106297440097
"433","Hedmark","fet_3","FKB","B",7,0.74421832,0.059223012183773
"434","Trøndelag","selbu_flub","FLB","B",7,3.74945863,0.298372437441533
"435","Trøndelag","hi_tydal","HIB","B",7,8.59609231,0.684055291205365
"436","Hedmark","halvard_pramhus","HPB","B",7,0.47205125,0.037564644915104
"437","Trøndelag","selbu_kl","KLB","B",7,3.73448722666667,0.297181051018772
"438","Trøndelag","singsaas","LAB","B",7,0.26921844,0.0214237227487444
"439","Trøndelag","malvik","MAB","B",7,0.57529952,0.0457808811831974
"440","Hedmark","stig_dahlen","SDB","B",7,3.4717158,0.276270365290117
"441","Trøndelag","sl_tydal","SEB","B",7,0.74188962,0.0590377001257839
"442","Trøndelag","selbu_sl","SLB","B",7,0.43930186,0.0349585312642319
"443","Hedmark","stangeskovene_aurskog","SSAB","B",7,0.99743875,0.0793736537469506
"444","Hedmark","stangeskovene_eidskog","SSBB","B",7,0.47916125,0.0381304407377957
"445","Hedmark","eidskog","STSKNB","B",7,0.48184,0.0383436088896994
"446","Hedmark","truls_holm","THB","B",7,1.19185382,0.0948447134479791
"447","Trøndelag","steinkjer_1bbb","1BBUB","UB",7,2.564311025,0.204061387626897
"448","Telemark","nome_cappelen1","1CAUB","UB",7,0.11931095,0.00949446372874499
"449","Telemark","drangedal1","1DRUB","UB",7,1.794556575,0.142806274784656
"450","Telemark","fritsoe1","1FRUB","UB",7,6.9217584,0.550816032123924
"451","Telemark","furesdal","1FYUB","UB",7,0.4724996,0.0376003234744717
"452","Trøndelag","namdalseid_1kub","1KUB","UB",7,4.767826275,0.379411559734834
"453","Telemark","kviteseid1","1KVUB","UB",7,0.6226548,0.0495492946299477
"454","Trøndelag","nsb_verdal","1NSUB","UB",7,1.42973526666667,0.113774717501405
"455","Trøndelag","sub_namdalseid","1SUB","UB",7,3.44682275,0.27428943931205
"456","Trøndelag","verdal_1vb","1VBUB","UB",7,1.03133656666667,0.082071156288212
"457","Trøndelag","steinkjer_2bbb","2BBUB","UB",7,1.247232825,0.0992516346426094
"458","Telemark","nome_cappelen2","2CAUB","UB",7,4.100733475,0.326326001424328
"459","Telemark","fritsoe2","2FRUB","UB",7,3.32613545,0.264685449130343
"460","Telemark","kviteseid2","2KVUB","UB",7,0.773148325,0.0615251888334846
"461","Trøndelag","verdal_2vb","2VBUB","UB",7,7.18610053333333,0.571851710717653
"462","Telemark","drangedal3","3DRUB","UB",7,0.91311685,0.0726635301490004
"463","Telemark","kviteseid3","3KVUB","UB",7,3.26117705,0.259516223902673
"464","Telemark","notodden3","3NOUB","UB",7,1.18549505,0.0943386986092368
"465","Telemark","drangedal4","4DRUB","UB",7,7.0529819,0.561258466461334
"466","Telemark","notodden5","5NOUB","UB",7,2.1272501,0.169281184303864
"467","Telemark","notodden6","6NOUB","UB",7,1.151798325,0.0916571984343577
"468","Trøndelag","bratsberg","BRUB","UB",7,9.620222475,0.765552980269999
"469","Hedmark","didrik_holmsen","DHUB","UB",7,1.04095806666667,0.0828368109306914
"470","Hedmark","fet_3","FKUB","UB",7,3.24087165,0.257900371511944
"471","Trøndelag","selbu_flub","FLUB","UB",7,5.07145805,0.403573808670342
"472","Trøndelag","hi_tydal","HIUB","UB",7,6.189573125,0.49255057923625
"473","Hedmark","halvard_pramhus","HPUB","UB",7,1.5955513,0.12696993817585
"474","Trøndelag","selbu_kl","KLUB","UB",7,0.492190333333333,0.0391672622460238
"475","Trøndelag","singsaas","LAUB","UB",7,0.1172074,0.00932706853847451
"476","Trøndelag","malvik","MAUB","UB",7,2.8221782,0.224581805408094
"477","Hedmark","stig_dahlen","SDUB","UB",7,42.43275865,3.37669164408644
"478","Trøndelag","sl_tydal","SEUB","UB",7,7.7082358,0.613401915043955
"479","Trøndelag","selbu_sl","SLUB","UB",7,3.57175903333333,0.284231552844065
"480","Hedmark","stangeskovene_aurskog","SSAUB","UB",7,2.54836476666667,0.202792424708112
"481","Hedmark","stangeskovene_eidskog","SSBUB","UB",7,3.577758275,0.284708957327091
"482","Hedmark","eidskog","STSKNUB","UB",7,0.18407675,0.0146483623353955
"483","Hedmark","truls_holm","THUB","UB",7,8.52908475,0.678722999006101
"484","Trøndelag","steinkjer_1bbb","1BBB","B",8,2.54014204,0.202138080910765
"485","Telemark","nome_cappelen1","1CAB","B",8,0.60174264,0.0478851578125834
"486","Telemark","drangedal1","1DRB","B",8,1.86171823,0.148150829474397
"487","Telemark","fritsoe1","1FRB","B",8,0.07547382,0.00600601576351398
"488","Telemark","furesdal","1FYB","B",8,1.294335,0.102999906633424
"489","Trøndelag","namdalseid_1kub","1KB","B",8,2.58226638,0.205490229378507
"490","Telemark","kviteseid1","1KVB","B",8,3.50834137,0.279184935544646
"491","Trøndelag","nsb_verdal","1NSB","B",8,2.44682075,0.194711808611159
"492","Trøndelag","sub_namdalseid","1SB","B",8,1.29326839,0.102915028506499
"493","Trøndelag","verdal_1vb","1VBB","B",8,0.4566429,0.036338487381409
"494","Trøndelag","steinkjer_2bbb","2BBB","B",8,1.79650092,0.142961000843569
"495","Telemark","nome_cappelen2","2CAB","B",8,1.427085,0.113563815981149
"496","Telemark","fritsoe2","2FRB","B",8,1.0862849,0.0864438057205426
"497","Telemark","kviteseid2","2KVB","B",8,3.10654757,0.247211200857808
"498","Trøndelag","verdal_2vb","2VBB","B",8,7.71955797,0.614302904704969
"499","Telemark","drangedal3","3DRB","B",8,0.4204675,0.0334597405172457
"500","Telemark","kviteseid3","3KVB","B",8,1.39878262,0.111311584142016
"501","Telemark","notodden3","3NOB","B",8,0.2469522,0.0196518316687092
"502","Telemark","drangedal4","4DRB","B",8,5.73041463,0.456011907165307
"503","Telemark","notodden5","5NOB","B",8,1.74845335,0.139137496709042
"504","Telemark","notodden6","6NOB","B",8,0.39675599,0.0315728385049093
"505","Trøndelag","bratsberg","BRB","B",8,1.57984041,0.125719705273913
"506","Hedmark","didrik_holmsen","DHB","B",8,3.45390632,0.274853131902169
"507","Trøndelag","selbu_flub","FLB","B",8,4.58218535,0.364638724307883
"508","Trøndelag","hi_tydal","HIB","B",8,1.16757014,0.0929122795937481
"509","Hedmark","halvard_pramhus","HPB","B",8,0.8184625,0.0651311763051752
"510","Trøndelag","selbu_kl","KLB","B",8,3.54275143,0.28192320111519
"511","Trøndelag","singsaas","LAB","B",8,0.26482035,0.0210737338669129
"512","Trøndelag","malvik","MAB","B",8,0.58850487,0.0468317295470766
"513","Hedmark","stig_dahlen","SDB","B",8,3.53652047,0.281427357073086
"514","Trøndelag","sl_tydal","SEB","B",8,1.68965245,0.134458269762416
"515","Trøndelag","selbu_sl","SLB","B",8,0.69284518,0.055134867597197
"516","Hedmark","stangeskovene_aurskog","SSAB","B",8,0.91956125,0.0731763592066311
"517","Hedmark","stangeskovene_eidskog","SSBB","B",8,0.73044125,0.0581266677878614
"518","Hedmark","truls_holm","THB","B",8,1.15691849,0.0920646482189558
"519","Trøndelag","steinkjer_1bbb","1BBUB","UB",8,3.416471875,0.271874193420343
"520","Telemark","nome_cappelen1","1CAUB","UB",8,0.12470335,0.00992357728630935
"521","Telemark","drangedal1","1DRUB","UB",8,2.7330093,0.21748596980556
"522","Telemark","fritsoe1","1FRUB","UB",8,7.8876628,0.62768026203103
"523","Telemark","furesdal","1FYUB","UB",8,0.4724996,0.0376003234744717
"524","Trøndelag","namdalseid_1kub","1KUB","UB",8,7.830408125,0.623124079760345
"525","Telemark","kviteseid1","1KVUB","UB",8,0.7500236,0.0596849816877892
"526","Trøndelag","nsb_verdal","1NSUB","UB",8,1.50219773333333,0.11954109738072
"527","Trøndelag","sub_namdalseid","1SUB","UB",8,4.549671125,0.362051324493107
"528","Trøndelag","verdal_1vb","1VBUB","UB",8,2.12929443333333,0.169443867181528
"529","Trøndelag","steinkjer_2bbb","2BBUB","UB",8,2.132472,0.16969672990253
"530","Telemark","nome_cappelen2","2CAUB","UB",8,4.673007725,0.371866139270181
"531","Telemark","fritsoe2","2FRUB","UB",8,4.197303225,0.334010777957152
"532","Telemark","kviteseid2","2KVUB","UB",8,1.055251775,0.0839742680988733
"533","Trøndelag","verdal_2vb","2VBUB","UB",8,8.93289443333333,0.710857152591538
"534","Telemark","drangedal3","3DRUB","UB",8,1.462021275,0.116343956410883
"535","Telemark","kviteseid3","3KVUB","UB",8,3.869218575,0.307902631057115
"536","Telemark","notodden3","3NOUB","UB",8,0.9378363,0.0746306414780069
"537","Telemark","drangedal4","4DRUB","UB",8,8.535188475,0.679208718008613
"538","Telemark","notodden5","5NOUB","UB",8,2.285931025,0.181908611097936
"539","Telemark","notodden6","6NOUB","UB",8,1.2004517,0.0955289109990345
"540","Trøndelag","bratsberg","BRUB","UB",8,12.62195445,1.00442322109912
"541","Hedmark","didrik_holmsen","DHUB","UB",8,1.22967236666667,0.0978542177692548
"542","Trøndelag","selbu_flub","FLUB","UB",8,8.07237415,0.642379124229869
"543","Trøndelag","hi_tydal","HIUB","UB",8,7.3727366,0.586703737002267
"544","Hedmark","halvard_pramhus","HPUB","UB",8,1.44252193333333,0.114792248104239
"545","Trøndelag","selbu_kl","KLUB","UB",8,0.4185128,0.0333041904336149
"546","Trøndelag","singsaas","LAUB","UB",8,0.1172074,0.00932706853847451
"547","Trøndelag","malvik","MAUB","UB",8,2.94106405,0.234042440753685
"548","Hedmark","stig_dahlen","SDUB","UB",8,42.375227075,3.37211342681388
"549","Trøndelag","sl_tydal","SEUB","UB",8,10.5511457666667,0.839633502024063
"550","Trøndelag","selbu_sl","SLUB","UB",8,6.48369386666667,0.515955964187302
"551","Hedmark","stangeskovene_aurskog","SSAUB","UB",8,2.44785403333333,0.194794034686217
"552","Hedmark","stangeskovene_eidskog","SSBUB","UB",8,3.949424475,0.314285213782182
"553","Hedmark","truls_holm","THUB","UB",8,9.364471575,0.745200970302398
"554","Trøndelag","steinkjer_1bbb","1BBB","B",9,2.78290999,0.221456940544159
"555","Telemark","nome_cappelen1","1CAB","B",9,0.603539053333333,0.0480281118435015
"556","Telemark","drangedal1","1DRB","B",9,1.77290948,0.141083653698241
"557","Telemark","fritsoe1","1FRB","B",9,0.07547382,0.00600601576351398
"558","Telemark","furesdal","1FYB","B",9,0.6824625,0.0543086401749263
"559","Trøndelag","namdalseid_1kub","1KB","B",9,2.85604723,0.227277017179208
"560","Telemark","kviteseid1","1KVB","B",9,3.63427557,0.289206460761808
"561","Trøndelag","nsb_verdal","1NSB","B",9,3.34757273,0.266391373669565
"562","Trøndelag","sub_namdalseid","1SB","B",9,1.56467766,0.12451309196723
"563","Trøndelag","verdal_1vb","1VBB","B",9,0.64230132,0.0511127150162246
"564","Trøndelag","steinkjer_2bbb","2BBB","B",9,2.05423691,0.16347097925416
"565","Telemark","nome_cappelen2","2CAB","B",9,1.53859,0.12243710194588
"566","Telemark","fritsoe2","2FRB","B",9,1.0862849,0.0864438057205426
"567","Telemark","kviteseid2","2KVB","B",9,3.6204454,0.288105890802157
"568","Trøndelag","verdal_2vb","2VBB","B",9,8.67869363,0.690628495397322
"569","Telemark","drangedal3","3DRB","B",9,0.4204675,0.0334597405172457
"570","Telemark","kviteseid3","3KVB","B",9,1.39565833,0.11106296104344
"571","Telemark","notodden3","3NOB","B",9,0.1940379,0.0154410454660854
"572","Telemark","drangedal4","4DRB","B",9,6.30302661,0.501578920710626
"573","Telemark","notodden5","5NOB","B",9,1.82728217,0.145410494889593
"574","Telemark","notodden6","6NOB","B",9,0.41098882,0.0327054511292526
"575","Trøndelag","bratsberg","BRB","B",9,2.31579146,0.184284829014499
"576","Trøndelag","selbu_flub","FLB","B",9,1.13688877,0.0904707337455825
"577","Trøndelag","hi_tydal","HIB","B",9,3.45899823,0.275258333225308
"578","Trøndelag","selbu_kl","KLB","B",9,4.53214473,0.360656618293692
"579","Trøndelag","singsaas","LAB","B",9,0.60386311,0.0480538994536725
"580","Trøndelag","malvik","MAB","B",9,0.66611112,0.0530074386982393
"581","Trøndelag","sl_tydal","SEB","B",9,1.71064752,0.136129004347946
"582","Trøndelag","selbu_sl","SLB","B",9,0.92868077,0.0739020675499438
"583","Trøndelag","steinkjer_1bbb","1BBUB","UB",9,3.615330475,0.28769885800351
"584","Telemark","nome_cappelen1","1CAUB","UB",9,0.1665277,0.0132518533083621
"585","Telemark","drangedal1","1DRUB","UB",9,2.527456225,0.201128575828566
"586","Telemark","fritsoe1","1FRUB","UB",9,8.959592175,0.712981691369358
"587","Telemark","furesdal","1FYUB","UB",9,0.4724996,0.0376003234744717
"588","Trøndelag","namdalseid_1kub","1KUB","UB",9,9.043667675,0.719672207078319
"589","Telemark","kviteseid1","1KVUB","UB",9,0.7095521,0.0564643620481174
"590","Trøndelag","nsb_verdal","1NSUB","UB",9,1.708943875,0.135993432586434
"591","Trøndelag","sub_namdalseid","1SUB","UB",9,4.909842075,0.390712818018409
"592","Trøndelag","verdal_1vb","1VBUB","UB",9,2.54186213333333,0.202274961589055
"593","Trøndelag","steinkjer_2bbb","2BBUB","UB",9,2.3618105,0.18794690786067
"594","Telemark","nome_cappelen2","2CAUB","UB",9,4.78984305,0.38116359902093
"595","Telemark","fritsoe2","2FRUB","UB",9,4.4571724,0.354690509836383
"596","Telemark","kviteseid2","2KVUB","UB",9,1.204792325,0.0958743269614636
"597","Trøndelag","verdal_2vb","2VBUB","UB",9,7.710258,0.613562836606915
"598","Telemark","drangedal3","3DRUB","UB",9,1.762809325,0.140279908901119
"599","Telemark","kviteseid3","3KVUB","UB",9,4.336940425,0.345122753266908
"600","Telemark","notodden3","3NOUB","UB",9,0.955434866666667,0.076031090916173
"601","Telemark","drangedal4","4DRUB","UB",9,8.85068635,0.704315241179232
"602","Telemark","notodden5","5NOUB","UB",9,2.52093225,0.200609414393637
"603","Telemark","notodden6","6NOUB","UB",9,1.3831046,0.110063966951569
"604","Trøndelag","bratsberg","BRUB","UB",9,15.30044415,1.21757065898699
"605","Trøndelag","selbu_flub","FLUB","UB",9,8.71779335,0.693739952253077
"606","Trøndelag","hi_tydal","HIUB","UB",9,8.656927325,0.688896387880524
"607","Trøndelag","selbu_kl","KLUB","UB",9,0.610377075,0.0485722643181113
"608","Trøndelag","singsaas","LAUB","UB",9,0.109785725,0.00873647040733874
"609","Trøndelag","malvik","MAUB","UB",9,3.580768525,0.284948505410813
"610","Trøndelag","sl_tydal","SEUB","UB",9,8.568339825,0.681846818619948
"611","Trøndelag","selbu_sl","SLUB","UB",9,5.762104475,0.45853370490409
"612","Trøndelag","steinkjer_1bbb","1BBB","B",10,2.41277334,0.192002401810671
"613","Trøndelag","namdalseid_1kub","1KB","B",10,2.53125643,0.201430986533822
"614","Trøndelag","nsb_verdal","1NSB","B",10,3.69374193,0.293938643332649
"615","Trøndelag","sub_namdalseid","1SB","B",10,1.67866799,0.133584154209318
"616","Trøndelag","verdal_1vb","1VBB","B",10,0.52394882,0.0416945223150829
"617","Trøndelag","steinkjer_2bbb","2BBB","B",10,1.8499343,0.147213094120123
"618","Trøndelag","verdal_2vb","2VBB","B",10,7.86004896,0.625482822464156
"619","Trøndelag","bratsberg","BRB","B",10,1.76068466,0.140110833432537
"620","Trøndelag","selbu_flub","FLB","B",10,1.08502238,0.0863433375711664
"621","Trøndelag","hi_tydal","HIB","B",10,4.2495683,0.338169900475811
"622","Trøndelag","selbu_kl","KLB","B",10,4.23305624,0.336855912490996
"623","Trøndelag","singsaas","LAB","B",10,0.63950028,0.0508898153353256
"624","Trøndelag","malvik","MAB","B",10,0.68852645,0.0547911939835074
"625","Trøndelag","sl_tydal","SEB","B",10,1.69979726,0.13526556809153
"626","Trøndelag","selbu_sl","SLB","B",10,1.07301971,0.085388195440766
"627","Trøndelag","steinkjer_1bbb","1BBUB","UB",10,4.69934775,0.373962211860138
"628","Trøndelag","namdalseid_1kub","1KUB","UB",10,8.940029025,0.711424905356884
"629","Trøndelag","nsb_verdal","1NSUB","UB",10,2.3096665,0.183797420184379
"630","Trøndelag","sub_namdalseid","1SUB","UB",10,4.73265585,0.376612786240138
"631","Trøndelag","verdal_1vb","1VBUB","UB",10,1.65561586666667,0.131749724520686
"632","Trøndelag","steinkjer_2bbb","2BBUB","UB",10,2.875375,0.228815072246429
"633","Trøndelag","verdal_2vb","2VBUB","UB",10,7.981473875,0.635145510182537
"634","Trøndelag","bratsberg","BRUB","UB",10,14.4030756,1.14616033873313
"635","Trøndelag","selbu_flub","FLUB","UB",10,7.1088564,0.565704817895228
"636","Trøndelag","hi_tydal","HIUB","UB",10,9.545248575,0.75958674687606
"637","Trøndelag","selbu_kl","KLUB","UB",10,0.59836345,0.0476162504165101
"638","Trøndelag","singsaas","LAUB","UB",10,0.11315835,0.00900485537731139
"639","Trøndelag","malvik","MAUB","UB",10,3.89940895,0.310305104764639
"640","Trøndelag","sl_tydal","SEUB","UB",10,9.8689133,0.785343167320174
"641","Trøndelag","selbu_sl","SLUB","UB",10,5.28885445,0.420873664505534
"642","Trøndelag","steinkjer_1bbb","1BBB","B",11,2.70284492,0.215085564714409
"643","Trøndelag","namdalseid_1kub","1KB","B",11,3.00265636,0.238943801050159
"644","Trøndelag","nsb_verdal","1NSB","B",11,4.35133292,0.346268071628245
"645","Trøndelag","sub_namdalseid","1SB","B",11,2.14187799,0.170445234804117
"646","Trøndelag","verdal_1vb","1VBB","B",11,0.54144823,0.0430870811164287
"647","Trøndelag","steinkjer_2bbb","2BBB","B",11,2.2760389,0.18112142080222
"648","Trøndelag","verdal_2vb","2VBB","B",11,7.48293488,0.595473037493379
"649","Trøndelag","bratsberg","BRB","B",11,1.98160237,0.157690906214057
"650","Trøndelag","selbu_flub","FLB","B",11,1.76717679,0.140627460722884
"651","Trøndelag","hi_tydal","HIB","B",11,3.58069455,0.284942618667355
"652","Trøndelag","selbu_kl","KLB","B",11,3.52799787,0.280749150114089
"653","Trøndelag","singsaas","LAB","B",11,0.65234495,0.0519119616967677
"654","Trøndelag","malvik","MAB","B",11,0.632354,0.0503211324419662
"655","Trøndelag","sl_tydal","SEB","B",11,1.77283693,0.14107788035268
"656","Trøndelag","selbu_sl","SLB","B",11,1.10413273,0.0878640909045245
"657","Trøndelag","steinkjer_1bbb","1BBUB","UB",11,4.02724985,0.320478360346797
"658","Trøndelag","namdalseid_1kub","1KUB","UB",11,9.734740725,0.774666053050865
"659","Trøndelag","nsb_verdal","1NSUB","UB",11,1.84448505,0.146779456583301
"660","Trøndelag","sub_namdalseid","1SUB","UB",11,5.187960225,0.412844757186446
"661","Trøndelag","verdal_1vb","1VBUB","UB",11,1.10379903333333,0.0878375361675279
"662","Trøndelag","steinkjer_2bbb","2BBUB","UB",11,2.775092225,0.220834822572318
"663","Trøndelag","verdal_2vb","2VBUB","UB",11,7.684933175,0.611547551066072
"664","Trøndelag","bratsberg","BRUB","UB",11,12.530728075,0.99716365683832
"665","Trøndelag","selbu_flub","FLUB","UB",11,7.313795575,0.58201335926244
"666","Trøndelag","hi_tydal","HIUB","UB",11,10.7404077,0.854694488138627
"667","Trøndelag","selbu_kl","KLUB","UB",11,0.671686475,0.0534511113521104
"668","Trøndelag","singsaas","LAUB","UB",11,0.159115525,0.012662011163206
"669","Trøndelag","malvik","MAUB","UB",11,4.03562655,0.321144956952696
"670","Trøndelag","sl_tydal","SEUB","UB",11,10.435692375,0.830446013033826
"671","Trøndelag","selbu_sl","SLUB","UB",11,5.14641325,0.409538553965563
